Posesión de balón_local_final,Remates_local_final,Remates a puerta_local_final,Remates fuera_local_final,Remates rechazados_local_final,Córneres_local_final,Fueras de juego_local_final,Paradas_local_final,Faltas_local_final,Tarjetas amarillas_local_final,Pases totales_local_final,Pases completados_local_final,Tackles_local_final,Ataques_local_final,Ataques peligrosos_local_final,Posesión de balón_visita_final,Remates_visita_final,Remates a puerta_visita_final,Remates fuera_visita_final,Remates rechazados_visita_final,Córneres_visita_final,Fueras de juego_visita_final,Paradas_visita_final,Faltas_visita_final,Tarjetas amarillas_visita_final,Pases totales_visita_final,Pases completados_visita_final,Tackles_visita_final,Ataques_visita_final,Ataques peligrosos_visita_final,Posesión de balón_local_1T,Remates_local_1T,Remates a puerta_local_1T,Remates fuera_local_1T,Remates rechazados_local_1T,Córneres_local_1T,Fueras de juego_local_1T,Paradas_local_1T,Faltas_local_1T,Tarjetas amarillas_local_1T,Pases totales_local_1T,Pases completados_local_1T,Tackles_local_1T,Ataques_local_1T,Ataques peligrosos_local_1T,Posesión de balón_visita_1T,Remates_visita_1T,Remates a puerta_visita_1T,Remates fuera_visita_1T,Remates rechazados_visita_1T,Córneres_visita_1T,Fueras de juego_visita_1T,Paradas_visita_1T,Faltas_visita_1T,Tarjetas amarillas_visita_1T,Pases totales_visita_1T,Pases completados_visita_1T,Tackles_visita_1T,Ataques_visita_1T,Ataques peligrosos_visita_1T,Posesión de balón_local_2T,Remates_local_2T,Remates a puerta_local_2T,Remates fuera_local_2T,Remates rechazados_local_2T,Córneres_local_2T,Fueras de juego_local_2T,Paradas_local_2T,Faltas_local_2T,Tarjetas amarillas_local_2T,Pases totales_local_2T,Pases completados_local_2T,Tackles_local_2T,Ataques_local_2T,Ataques peligrosos_local_2T,Posesión de balón_visita_2T,Remates_visita_2T,Remates a puerta_visita_2T,Remates fuera_visita_2T,Remates rechazados_visita_2T,Córneres_visita_2T,Fueras de juego_visita_2T,Paradas_visita_2T,Faltas_visita_2T,Tarjetas amarillas_visita_2T,Pases totales_visita_2T,Pases completados_visita_2T,Tackles_visita_2T,Ataques_visita_2T,Ataques peligrosos_visita_2T,Tarjetas rojas_local_final,Tarjetas rojas_visita_final,Tarjetas rojas_local_1T,Tarjetas rojas_visita_1T,Tarjetas rojas_local_2T,Tarjetas rojas_visita_2T,Tiros libres_local_final,Saques de banda_local_final,Tiros libres_visita_final,Saques de banda_visita_final,Tiros libres_local_1T,Saques de banda_local_1T,Tiros libres_visita_1T,Saques de banda_visita_1T,Tiros libres_local_2T,Saques de banda_local_2T,Tiros libres_visita_2T,Saques de banda_visita_2T
52%,20,5,9,6,4,4,3,14,3,395,287,14,133,86,48%,12,3,6,3,2,0,5,14,2,385,250,14,117,62,49%,10,2,4,4,2,3,1,6,2.0,184,130,8,60,39,51%,5,1,2,2,2,0,2,6,1.0,198,133,8,56,29,55%,10,3,5,2,2,1,2,8,1.0,211,157,6,73,47,45%,7,2,4,1,0,0,3,8,1.0,187,117,6,61,33,,,,,,,,,,,,,,,,,,
60%,12,3,7,2,4,2,2,14,2,394,292,7,123,78,40%,8,4,2,2,4,5,2,10,3,258,144,16,98,61,62%,6,0,5,1,2,1,1,3,0.0,217,161,4,64,42,38%,7,3,2,2,3,3,0,4,1.0,130,75,8,49,32,58%,6,3,2,1,2,1,1,11,2.0,177,131,3,59,36,42%,1,1,0,0,1,2,2,6,2.0,128,69,8,49,29,,,,,,,,,,,,,,,,,,
61%,14,7,5,2,8,4,1,10,1,540,467,14,103,51,39%,12,1,9,2,6,0,6,8,2,325,249,14,82,51,68%,7,3,3,1,4,2,0,3,0.0,293,260,7,59,31,32%,6,0,5,1,3,0,3,5,1.0,129,96,7,29,19,54%,7,4,2,1,4,2,1,7,1.0,247,207,7,44,20,46%,6,1,4,1,3,0,3,3,1.0,196,153,7,53,32,,,,,,,,,,,,,,,,,,
52%,17,9,7,1,4,1,3,14,4,418,344,21,108,42,48%,11,4,5,2,3,2,8,8,2,384,295,17,107,33,53%,8,6,1,1,1,1,3,6,1.0,249,208,12,58,18,47%,5,3,2,0,1,0,6,2,0.0,219,168,9,60,16,51%,9,3,6,0,3,0,0,8,3.0,169,136,9,50,24,49%,6,1,3,2,2,2,2,6,2.0,165,127,8,47,17,,,,,,,,,,,,,,,,,,
54%,7,5,1,1,3,3,5,14,5,391,265,14,78,42,46%,12,7,5,0,3,1,5,11,2,323,213,11,96,40,51%,3,2,1,0,1,2,2,7,1.0,177,116,7,28,14,49%,5,3,2,0,2,0,2,3,0.0,164,100,3,45,20,57%,4,3,0,1,2,1,3,7,4.0,214,149,7,50,28,43%,7,4,3,0,1,1,3,8,2.0,159,113,8,51,20,,,,,,,,,,,,,,,,,,
63%,18,4,8,6,10,0,4,12,2,449,345,20,128,79,37%,14,5,7,2,1,1,4,15,4,269,154,33,88,38,61%,5,1,2,2,5,0,1,7,1.0,218,167,9,56,35,39%,7,2,3,2,1,1,1,4,1.0,140,80,11,45,17,66%,13,3,6,4,5,0,3,5,1.0,231,178,11,72,44,34%,7,3,4,0,0,0,3,11,3.0,129,74,22,43,21,,,,,,,,,,,,,,,,,,
55%,16,6,7,3,5,1,2,11,3,435,343,15,139,64,45%,10,4,5,1,5,0,4,8,1,353,249,13,108,46,56%,9,3,4,2,2,0,1,5,1.0,234,190,9,64,36,44%,4,2,2,0,3,0,2,6,1.0,179,131,7,49,25,54%,7,3,3,1,3,1,1,6,2.0,201,153,6,75,28,46%,6,2,3,1,2,0,2,2,0.0,174,118,6,59,21,,,,,,,,,,,,,,,,,,
45%,12,1,5,6,6,5,1,12,2,349,257,14,113,86,55%,9,2,5,2,1,2,1,16,1,428,311,27,116,53,43%,5,0,3,2,2,3,0,6,,169,127,4,53,32,57%,4,0,2,2,1,1,0,7,,219,155,16,52,29,47%,7,1,2,4,4,2,1,6,2.0,180,130,10,60,54,53%,5,2,3,0,0,1,1,9,1.0,209,156,11,64,24,,,,,,,,,,,,,,,,,,
49%,10,6,1,3,0,1,5,9,1,394,305,16,103,40,51%,15,5,8,2,7,0,4,17,4,400,320,11,108,80,59%,5,3,0,2,0,1,2,4,1.0,220,177,7,52,21,41%,5,2,3,0,1,0,2,10,1.0,149,112,5,47,28,39%,5,3,1,1,0,0,3,5,0.0,174,128,9,51,19,61%,10,3,5,2,6,0,2,7,3.0,251,208,6,61,52,1.0,1.0,1.0,0.0,0.0,1.0,,,,,,,,,,,,
45%,13,8,3,2,5,1,5,15,3,414,323,24,98,73,55%,24,9,7,8,1,2,8,10,0,517,437,27,117,68,52%,8,5,2,1,4,0,4,5,2.0,217,167,10,49,40,48%,13,6,4,3,0,1,5,3,0.0,205,163,8,53,33,38%,5,3,1,1,1,1,1,10,1.0,197,156,14,49,33,62%,11,3,3,5,1,1,3,7,0.0,312,274,19,64,35,,,,,,,,,,,,,,,,,,
44%,11,4,4,3,8,1,6,11,2,374,255,14,136,54,56%,16,7,8,1,4,2,3,8,0,469,365,14,142,68,48%,7,3,2,2,5,0,2,4,,202,145,4,70,30,52%,6,2,3,1,2,2,2,6,,215,168,6,62,24,38%,4,1,2,1,3,1,4,7,2.0,172,110,10,66,24,62%,10,5,5,0,2,0,1,2,0.0,254,197,8,80,44,,,,,,,,,,,,,,,,,,
56%,16,4,9,3,7,2,2,14,5,313,230,9,98,64,45%,11,2,5,4,10,1,3,14,5,242,143,14,97,73,66%,13,4,6,3,6,1,1,6,2.0,210,167,5,61,47,34%,6,1,3,2,1,1,3,7,2.0,110,63,8,47,24,45%,3,0,3,0,1,1,1,8,3.0,103,63,4,37,17,55%,5,1,2,2,9,0,0,7,3.0,132,80,6,50,49,,,,,,,,,,,,,,,,,,
37%,10,2,3,5,8,2,2,6,1,348,262,25,119,48,63%,14,2,11,1,3,4,0,9,4,589,498,25,175,58,40%,6,1,2,3,6,0,1,3,1.0,183,140,14,57,27,60%,5,1,3,1,1,1,0,4,2.0,281,236,12,82,25,34%,4,1,1,2,2,2,1,3,0.0,165,122,11,62,21,66%,9,1,8,0,2,3,0,5,2.0,308,262,13,93,33,,,,,,,,,,,,,,,,,,
48%,20,9,7,4,5,4,4,8,2,362,278,17,96,75,52%,13,4,6,3,10,0,5,8,2,387,300,15,89,69,56%,10,5,3,2,4,0,1,3,,221,179,9,58,46,44%,1,1,0,0,3,0,2,3,,170,124,10,39,30,39%,10,4,4,2,1,4,3,5,2.0,141,99,8,38,29,61%,12,3,6,3,7,0,3,5,2.0,217,176,5,50,39,1.0,0.0,,,1.0,0.0,,,,,,,,,,,,
52%,14,6,5,3,9,1,0,5,2,454,364,10,144,72,48%,5,2,1,2,4,2,4,13,3,436,349,16,95,36,50%,5,1,3,1,5,1,0,3,2.0,224,183,4,70,42,50%,3,2,0,1,2,0,1,4,2.0,226,184,8,52,22,54%,9,5,2,2,4,0,0,2,0.0,230,181,6,74,30,46%,2,0,1,1,2,2,3,9,1.0,210,165,8,43,14,1.0,0.0,1.0,0.0,,,,,,,,,,,,,,
53%,8,0,3,5,5,1,2,14,1,394,261,32,127,61,47%,17,2,10,5,7,2,0,13,4,347,232,25,113,76,55%,6,0,3,3,2,1,0,8,1.0,200,138,12,63,28,45%,1,0,1,0,0,1,0,7,2.0,163,102,12,52,24,51%,2,0,0,2,3,0,2,6,0.0,194,123,20,64,33,49%,16,2,9,5,7,1,0,6,2.0,184,130,13,61,52,,,,,,,,,,,,,,,,,,
71%,13,5,4,4,1,8,2,11,2,512,434,28,156,67,29%,12,5,5,2,1,0,3,11,3,212,141,10,113,33,66%,4,1,1,2,0,3,2,5,1.0,232,204,16,59,19,34%,8,5,1,2,1,0,1,6,1.0,111,79,5,51,17,76%,9,4,3,2,1,5,0,6,1.0,280,230,12,97,48,24%,4,0,4,0,0,0,2,5,2.0,101,62,5,62,16,,,,,,,,,,,,,,,,,,
48%,11,4,6,1,5,2,3,8,2,450,320,21,142,46,52%,13,4,6,3,5,2,2,16,5,479,363,19,171,60,47%,6,1,5,0,1,2,2,4,1.0,226,162,11,67,19,53%,4,3,0,1,3,1,1,5,0.0,245,189,10,91,32,49%,5,3,1,1,4,0,1,4,1.0,224,158,10,75,27,51%,9,1,6,2,2,1,1,11,5.0,234,174,9,80,28,,,,,,,,,,,,,,,,,,
62%,11,3,5,3,4,2,4,11,2,471,404,14,124,62,38%,11,4,6,1,4,0,2,10,4,279,217,12,92,43,64%,3,2,1,0,0,2,3,7,0.0,277,242,8,70,24,36%,8,3,4,1,3,0,2,3,3.0,147,113,6,48,25,60%,8,1,4,3,4,0,1,4,2.0,194,162,6,54,38,40%,3,1,2,0,1,0,0,7,1.0,132,104,6,44,18,,,,,,,,,,,,,,,,,,
37%,12,3,4,5,4,2,1,13,3,265,166,27,149,56,63%,8,1,6,1,1,1,2,7,1,476,356,20,158,57,37%,1,0,0,1,0,1,1,5,0.0,144,91,20,82,25,63%,3,1,2,0,0,1,0,4,1.0,259,205,8,75,24,37%,11,3,4,4,4,1,0,8,3.0,121,75,7,67,31,63%,5,0,4,1,1,0,2,3,0.0,217,151,12,83,33,,,,,,,,,,,,,,,,,,
38%,5,0,2,3,2,1,3,13,3,273,173,16,114,37,62%,14,4,8,2,5,4,0,12,2,440,362,18,155,62,39%,3,0,1,2,2,0,0,8,2.0,137,92,11,62,22,61%,4,0,3,1,2,0,0,7,1.0,219,174,11,71,28,37%,2,0,1,1,0,1,3,5,1.0,136,81,5,52,15,63%,10,4,5,1,3,4,0,5,1.0,221,188,7,84,34,,,,,,,,,,,,,,,,,,
37%,22,8,9,5,6,1,3,12,1,293,219,15,113,75,63%,10,6,3,1,4,2,8,11,1,525,452,13,133,56,40%,10,3,4,3,2,1,0,7,0.0,161,119,8,61,34,60%,3,1,1,1,2,2,3,7,1.0,245,203,10,72,27,34%,12,5,5,2,4,0,3,5,1.0,132,100,7,52,41,66%,7,5,2,0,2,0,5,4,0.0,280,249,3,61,29,,,,,,,,,,,,,,,,,,
41%,15,4,5,6,4,1,6,15,3,318,220,28,136,55,59%,13,7,5,1,4,2,2,10,4,467,371,22,121,56,47%,3,1,1,1,3,0,0,4,2.0,204,145,11,80,28,53%,3,0,3,0,1,1,0,4,0.0,229,189,11,58,24,35%,12,3,4,5,1,1,6,11,1.0,114,75,17,56,27,65%,10,7,2,1,3,1,2,6,4.0,238,182,11,63,32,,,,,,,,,,,,,,,,,,
54%,22,8,11,3,1,0,0,12,3,426,328,12,144,55,46%,9,0,7,2,4,1,4,15,2,360,253,17,127,52,52%,8,3,5,0,1,0,0,8,2.0,226,164,8,79,34,48%,5,0,4,1,1,0,2,6,0.0,211,151,10,84,25,56%,14,5,6,3,0,0,0,4,1.0,200,164,4,65,21,44%,4,0,3,1,3,1,2,9,2.0,149,102,7,43,27,,,,,,,,,,,,,,,,,,
61%,16,4,8,4,7,0,1,7,2,560,488,14,144,79,39%,23,3,15,5,8,0,3,6,1,351,276,22,110,66,61%,11,3,5,3,3,0,1,5,1.0,379,332,6,85,38,39%,12,1,9,2,6,0,2,2,0.0,227,179,13,74,45,61%,5,1,3,1,4,0,0,2,1.0,181,156,8,59,41,39%,11,2,6,3,2,0,1,4,1.0,124,97,9,36,21,,,,,,,,,,,,,,,,,,
59%,10,4,3,3,9,4,3,14,4,406,296,21,141,73,41%,10,3,5,2,1,1,3,11,3,276,174,15,132,50,56%,3,1,1,1,0,3,1,3,1.0,226,164,15,72,23,44%,5,1,2,2,0,1,1,7,1.0,171,112,6,78,22,62%,7,3,2,2,9,1,2,11,3.0,180,132,6,69,50,38%,5,2,3,0,1,0,2,4,2.0,105,62,9,54,28,,,,,,,,,,,,,,,,,,
58%,12,4,6,2,6,0,3,11,3,408,307,28,150,91,42%,13,4,7,2,4,0,4,18,5,311,210,25,128,53,61%,8,2,5,1,1,0,0,5,1.0,204,159,18,77,33,39%,5,1,4,0,1,0,2,11,0.0,135,84,18,59,19,55%,4,2,1,1,5,0,3,6,2.0,204,148,10,73,58,45%,8,3,3,2,3,0,2,7,5.0,176,126,7,69,34,1.0,0.0,,,1.0,0.0,,,,,,,,,,,,
59%,9,4,3,2,2,1,3,16,3,419,311,12,134,56,41%,10,4,6,0,7,3,3,21,3,274,170,17,133,68,62%,2,1,0,1,0,0,1,9,1.0,245,185,9,68,28,38%,4,1,3,0,4,0,0,12,1.0,141,90,11,66,30,56%,7,3,3,1,2,1,2,7,2.0,174,126,3,66,28,44%,6,3,3,0,3,3,3,9,2.0,133,80,6,67,38,1.0,0.0,,,1.0,0.0,,,,,,,,,,,,
61%,16,9,5,2,2,1,3,18,1,476,372,26,125,50,39%,12,4,5,3,2,3,6,9,2,300,199,15,140,71,52%,7,4,2,1,0,0,1,7,0.0,216,157,15,61,16,48%,9,1,5,3,1,2,3,5,2.0,189,129,3,82,45,70%,9,5,3,1,2,1,2,11,1.0,260,215,11,64,34,30%,3,3,0,0,1,1,3,4,0.0,111,70,12,58,26,0.0,1.0,0.0,1.0,,,,,,,,,,,,,,
50%,17,2,9,6,9,1,1,18,1,419,325,25,168,88,50%,3,1,1,1,3,0,1,14,1,420,330,15,130,43,53%,10,0,6,4,6,1,1,10,1.0,235,193,14,89,49,47%,2,1,0,1,1,0,0,8,0.0,217,175,10,58,15,47%,7,2,3,2,3,0,0,8,0.0,184,132,11,79,39,53%,1,0,1,0,2,0,1,6,1.0,203,155,5,72,28,0.0,1.0,,,0.0,1.0,,,,,,,,,,,,
43%,13,7,4,2,5,2,1,17,4,287,217,18,90,63,57%,7,2,1,4,1,2,4,17,4,404,318,26,80,38,48%,7,2,3,2,3,1,1,7,2.0,150,117,3,38,34,52%,4,1,0,3,1,0,1,11,3.0,171,134,12,41,14,38%,6,5,1,0,2,1,0,10,2.0,137,100,15,52,29,62%,3,1,1,1,0,2,3,6,1.0,233,184,14,39,24,0.0,2.0,0.0,1.0,0.0,1.0,,,,,,,,,,,,
64%,7,3,2,2,4,2,2,9,4,511,435,16,117,74,36%,18,4,11,3,2,1,1,19,5,285,213,23,87,46,58%,3,1,1,1,2,0,2,4,,249,208,7,48,31,42%,11,3,6,2,2,0,0,6,,178,139,12,52,31,70%,4,2,1,1,2,2,0,5,4.0,262,227,9,69,43,30%,7,1,5,1,0,1,1,13,5.0,107,74,11,35,15,,,,,,,,,,,,,,,,,,
66%,21,7,12,2,11,1,0,8,1,503,392,17,117,91,34%,7,4,2,1,4,0,4,14,5,262,159,24,89,37,62%,6,3,1,2,2,0,0,5,0.0,251,197,10,57,30,38%,6,3,2,1,4,0,2,9,1.0,151,99,13,47,27,70%,15,4,11,0,9,1,0,3,1.0,252,195,7,60,61,30%,1,1,0,0,0,0,2,5,4.0,111,60,11,42,10,,,,,,,,,,,,,,,,,,
68%,14,6,3,5,8,1,2,13,3,620,550,24,157,75,32%,8,3,3,2,1,0,4,16,3,292,218,26,114,45,70%,6,2,2,2,5,0,2,7,2.0,334,306,16,70,33,30%,3,2,1,0,0,0,1,8,1.0,137,104,13,54,21,66%,8,4,1,3,3,1,0,6,1.0,286,244,8,87,42,34%,5,1,2,2,1,0,3,8,2.0,155,114,13,60,24,,,,,,,,,,,,,,,,,,
70%,25,6,11,8,8,4,4,6,3,585,467,27,94,55,30%,9,4,5,0,1,1,5,10,4,256,148,20,56,15,66%,12,2,7,3,5,1,4,4,3.0,253,197,12,63,35,34%,7,4,3,0,0,1,2,8,2.0,129,71,11,41,16,74%,13,4,4,5,3,3,0,2,0.0,332,270,15,31,20,26%,2,0,2,0,1,0,3,2,2.0,127,77,9,15,-1,0.0,1.0,,,0.0,1.0,,,,,,,,,,,,
52%,12,6,3,3,8,0,5,10,4,366,267,15,146,67,48%,19,6,6,7,8,1,5,5,2,315,217,17,148,85,54%,5,2,2,1,3,0,1,3,2.0,205,149,8,74,32,46%,9,2,2,5,1,0,1,2,2.0,165,118,8,69,34,50%,7,4,1,2,5,0,4,7,2.0,161,118,7,72,35,50%,10,4,4,2,7,1,4,3,0.0,150,99,9,79,51,,,,,,,,,,,,,,,,,,
55%,13,8,4,1,8,2,0,9,2,391,303,19,99,47,45%,14,3,8,3,7,2,5,10,4,307,224,17,120,79,56%,8,5,3,0,3,1,0,0,1.0,189,148,11,59,30,44%,8,1,4,3,5,0,2,5,1.0,144,105,8,73,46,54%,5,3,1,1,5,1,0,9,1.0,202,155,8,40,17,46%,6,2,4,0,2,2,3,5,3.0,163,119,9,47,33,,,,,,,,,,,,,,,,,,
39%,17,4,9,4,1,0,0,11,0,328,265,14,99,47,61%,14,1,9,4,7,4,3,5,1,530,455,14,120,79,48%,8,1,5,2,0,0,0,7,,204,168,7,55,28,52%,1,0,1,0,1,4,1,1,,228,190,7,57,22,30%,9,3,4,2,1,0,0,4,0.0,124,97,7,44,19,70%,13,1,8,4,6,0,2,4,1.0,302,265,7,63,57,1.0,0.0,1.0,0.0,,,,,,,,,,,,,,
53%,16,3,10,3,7,2,2,9,5,380,281,14,99,68,47%,11,3,5,3,6,2,2,8,2,340,239,22,107,64,51%,10,2,7,1,2,1,1,3,0.0,204,146,5,57,31,49%,6,1,3,2,5,0,1,4,1.0,198,138,13,62,38,55%,6,1,3,2,5,1,1,6,5.0,176,135,9,42,37,45%,5,2,2,1,1,2,1,4,1.0,142,101,9,45,26,1.0,0.0,,,1.0,0.0,,,,,,,,,,,,
40%,26,4,15,7,4,4,7,9,2,306,207,31,108,74,60%,11,7,2,2,7,1,4,8,1,473,368,21,111,74,45%,15,2,9,4,0,1,4,8,1.0,171,118,18,54,37,55%,5,4,0,1,2,1,2,3,0.0,214,161,6,54,32,35%,11,2,6,3,4,3,3,1,1.0,135,89,13,54,37,65%,6,3,2,1,5,0,2,5,1.0,259,207,15,57,42,1.0,0.0,1.0,0.0,,,,,,,,,,,,,,
47%,13,3,8,2,9,2,3,11,2,318,218,13,136,79,53%,9,4,2,3,2,4,1,12,4,367,269,14,120,42,43%,4,1,3,0,3,1,1,6,1.0,170,119,8,68,41,57%,4,1,2,1,2,1,1,7,1.0,219,169,9,62,20,51%,9,2,5,2,6,1,2,5,1.0,148,99,5,68,38,49%,5,3,0,2,0,3,0,5,3.0,148,100,5,58,22,0.0,1.0,,,0.0,1.0,,,,,,,,,,,,
42%,14,3,8,3,3,1,3,14,2,223,115,13,112,36,58%,11,6,3,2,2,4,2,10,4,307,188,20,136,61,37%,7,2,3,2,2,0,2,9,1.0,85,41,9,58,22,63%,6,3,2,1,2,3,1,6,2.0,151,98,14,66,32,48%,7,1,5,1,1,1,1,5,1.0,138,74,4,54,14,52%,5,3,1,1,0,1,1,4,2.0,156,90,6,70,29,1.0,0.0,,,1.0,0.0,,,,,,,,,,,,
49%,21,6,13,2,9,0,3,9,1,436,353,18,160,86,51%,9,7,2,0,3,3,6,10,3,452,355,20,127,50,41%,7,3,3,1,4,0,3,5,0.0,190,142,12,74,32,59%,7,6,1,0,2,2,3,5,1.0,271,217,7,78,34,57%,14,3,10,1,5,0,0,4,1.0,246,211,6,86,54,43%,2,1,1,0,1,1,3,5,2.0,181,138,13,49,16,,,,,,,,,,,,,,,,,,
72%,20,5,7,8,11,1,1,8,3,567,491,5,159,115,28%,6,1,4,1,3,0,4,10,2,210,117,10,81,35,72%,11,3,4,4,6,1,0,3,1.0,280,240,3,73,59,28%,2,0,2,0,2,0,3,6,2.0,104,64,5,45,18,72%,9,2,3,4,5,0,1,5,2.0,287,251,2,86,56,28%,4,1,2,1,1,0,1,4,0.0,106,53,5,36,17,,,,,,,,,,,,,,,,,,
41%,9,4,5,0,2,3,2,10,3,326,194,18,122,40,59%,18,2,8,8,10,1,1,6,2,456,314,16,185,88,47%,3,2,1,0,2,2,0,5,1.0,180,115,14,55,24,53%,5,0,2,3,4,1,1,2,1.0,203,135,6,83,29,35%,6,2,4,0,0,1,2,5,2.0,146,79,4,67,16,65%,13,2,6,5,6,0,0,4,1.0,253,179,10,102,59,,,,,,,,,,,,,,,,,,
35%,13,5,4,4,5,1,5,18,2,185,89,13,121,69,65%,14,6,6,2,4,1,3,14,3,356,249,11,145,57,38%,10,5,2,3,4,1,5,7,0.0,100,49,8,62,39,62%,9,5,3,1,3,0,3,4,1.0,163,118,6,64,27,32%,3,0,2,1,1,0,0,11,2.0,85,40,5,59,30,68%,5,1,3,1,1,1,0,10,2.0,193,131,5,81,30,,,,,,,,,,,,,,,,,,
50%,10,4,4,2,4,2,1,8,4,373,278,19,132,61,50%,11,3,6,2,9,2,2,9,4,364,267,8,143,78,43%,5,3,1,1,1,0,0,3,3.0,175,128,10,61,23,57%,4,1,2,1,6,0,2,4,1.0,219,168,4,79,38,57%,5,1,3,1,3,2,1,5,1.0,198,150,9,71,38,43%,7,2,4,1,3,2,0,5,3.0,145,99,4,64,40,,,,,,,,,,,,,,,,,,
54%,21,8,6,7,8,0,2,12,3,401,341,7,98,73,46%,16,7,7,2,4,2,6,9,1,341,273,19,85,47,47%,11,4,3,4,3,0,0,6,1.0,188,158,6,50,29,53%,7,3,3,1,1,1,3,3,0.0,210,180,7,41,25,61%,10,4,3,3,5,0,2,6,2.0,213,183,1,48,44,39%,9,4,4,1,3,1,3,6,1.0,131,93,12,44,22,,,,,,,,,,,,,,,,,,
57%,10,4,5,1,5,2,2,11,3,369,293,26,119,80,43%,15,5,5,5,3,1,3,8,1,284,201,19,97,63,57%,4,2,1,1,3,2,2,6,1.0,163,135,13,49,36,43%,9,3,4,2,3,0,1,3,0.0,128,98,9,40,26,57%,6,2,4,0,2,0,0,5,2.0,206,158,13,70,44,43%,6,2,1,3,0,1,2,5,1.0,156,103,10,57,37,,,,,,,,,,,,,,,,,,
63%,14,3,9,2,8,2,4,7,1,498,428,12,137,93,37%,14,5,5,4,7,1,3,12,3,295,220,15,107,75,62%,5,2,3,0,3,2,1,5,1.0,234,198,4,69,36,38%,6,1,3,2,6,0,2,8,2.0,137,104,7,51,37,64%,9,1,6,2,5,0,3,2,0.0,264,230,8,68,57,36%,8,4,2,2,1,1,1,4,1.0,158,116,8,56,38,,,,,,,,,,,,,,,,,,
51%,16,3,10,3,4,4,3,17,3,334,239,25,140,68,49%,10,3,5,2,4,2,2,10,2,335,232,11,138,55,51%,6,1,4,1,1,2,2,13,1.0,164,119,14,63,29,49%,6,2,2,2,3,1,1,6,1.0,159,118,6,64,32,51%,10,2,6,2,3,2,1,4,2.0,170,120,11,77,39,49%,4,1,3,0,1,1,1,4,1.0,176,114,5,74,23,0.0,1.0,,,0.0,1.0,,,,,,,,,,,,
59%,10,3,7,0,3,0,3,13,1,569,446,26,167,68,41%,13,4,6,3,2,1,3,13,1,395,291,29,149,55,61%,7,1,6,0,3,0,0,5,1.0,285,218,13,90,37,39%,4,0,4,0,1,1,1,7,0.0,174,116,16,75,23,57%,3,2,1,0,0,0,3,8,0.0,284,228,13,77,31,43%,9,4,2,3,1,0,2,6,1.0,221,175,13,74,32,,,,,,,,,,,,,,,,,,
57%,17,5,7,5,8,2,1,14,3,428,339,16,171,95,43%,8,1,6,1,4,2,4,12,2,325,229,36,98,41,59%,8,1,4,3,2,2,0,8,1.0,235,189,9,91,50,41%,2,0,2,0,0,2,1,3,0.0,170,121,10,44,12,55%,9,4,3,2,6,0,1,6,2.0,193,150,7,80,45,45%,6,1,4,1,4,0,3,9,2.0,155,108,26,54,29,,,,,,,,,,,,,,,,,,
53%,16,6,7,3,4,2,2,15,4,300,199,10,130,57,47%,9,2,6,1,4,1,4,13,2,275,171,19,123,51,55%,8,2,5,1,2,1,0,5,1.0,171,119,4,71,33,45%,3,0,3,0,2,1,2,7,0.0,145,87,11,59,24,51%,8,4,2,2,2,1,2,10,3.0,129,80,6,59,24,49%,6,2,3,1,2,0,2,6,2.0,130,84,8,64,27,,,,,,,,,,,,,,,,,,
51%,19,7,7,5,8,2,3,17,6,272,166,9,162,94,49%,10,6,2,2,2,1,5,17,6,286,180,13,121,35,45%,11,3,4,4,7,1,2,5,2.0,118,67,3,79,49,55%,7,5,1,1,0,0,3,9,1.0,159,107,8,57,14,56%,8,4,3,1,1,1,1,12,4.0,154,99,6,83,45,44%,3,1,1,1,2,1,2,8,5.0,127,73,5,64,21,0.0,1.0,,,0.0,1.0,,,,,,,,,,,,
58%,17,8,7,2,3,0,3,17,2,499,409,15,90,49,42%,16,5,6,5,4,4,5,8,3,335,274,23,88,62,63%,6,3,3,0,2,0,0,9,,290,252,5,49,25,37%,7,1,4,2,1,3,2,3,,162,136,13,40,24,53%,11,5,4,2,1,0,3,8,2.0,209,157,10,41,24,47%,9,4,2,3,3,1,3,5,3.0,173,138,10,48,38,,,,,,,,,,,,,,,,,,
57%,18,6,8,4,6,1,4,17,3,333,235,8,133,82,43%,14,6,6,2,7,1,5,11,2,253,143,25,131,79,58%,8,2,4,2,2,1,2,9,2.0,169,121,4,69,43,42%,8,3,4,1,2,1,2,7,0.0,119,66,10,64,37,56%,10,4,4,2,4,0,2,8,1.0,164,114,4,64,39,44%,6,3,2,1,5,0,3,4,2.0,134,77,15,67,42,,,,,,,,,,,,,,,,,,
43%,19,6,10,3,6,1,3,6,2,359,281,15,134,77,57%,14,5,9,0,4,1,3,10,2,477,380,20,142,68,43%,8,1,6,1,1,0,2,2,1.0,168,133,7,57,27,57%,7,4,3,0,3,1,1,5,1.0,226,187,10,65,36,43%,11,5,4,2,5,1,1,4,1.0,191,148,8,77,50,57%,7,1,6,0,1,0,2,5,1.0,251,193,10,77,32,,,,,,,,,,,,,,,,,,
48%,16,6,6,4,7,3,5,16,2,406,299,21,158,73,52%,14,6,6,2,1,2,6,14,3,451,339,20,141,49,43%,9,2,3,4,3,1,2,9,0.0,209,162,9,70,37,57%,8,2,4,2,0,1,2,4,2.0,277,221,12,76,28,53%,7,4,3,0,4,2,3,7,2.0,197,137,12,88,36,47%,6,4,2,0,1,1,4,10,1.0,174,118,8,65,21,0.0,1.0,,,0.0,1.0,,,,,,,,,,,,
59%,8,4,2,2,6,4,1,14,5,388,269,15,148,62,41%,9,2,5,2,3,2,4,18,2,258,156,13,147,60,56%,2,1,1,0,2,2,0,5,1.0,208,133,10,86,26,44%,5,0,4,1,0,1,1,8,0.0,158,95,7,81,24,62%,6,3,1,2,4,2,1,9,4.0,180,136,5,62,36,38%,4,2,1,1,3,1,3,10,2.0,100,61,6,66,36,1.0,0.0,,,1.0,0.0,,,,,,,,,,,,
50%,15,7,5,3,5,2,7,14,1,423,339,17,110,62,50%,15,8,5,2,6,1,5,14,4,414,321,14,112,74,52%,12,6,4,2,3,2,3,4,0.0,241,202,10,62,48,48%,8,3,4,1,4,0,4,6,1.0,213,165,11,52,38,48%,3,1,1,1,2,0,4,10,1.0,182,137,7,48,14,52%,7,5,1,1,2,1,1,8,3.0,201,156,3,60,36,0.0,1.0,,,0.0,1.0,,,,,,,,,,,,
53%,16,6,7,3,4,0,0,7,1,513,434,25,96,61,47%,3,0,3,0,4,0,3,11,2,451,376,11,91,57,49%,4,2,1,1,0,0,0,5,0.0,263,224,8,42,21,51%,1,0,1,0,2,0,1,6,1.0,262,227,5,42,30,57%,12,4,6,2,4,0,0,2,1.0,250,210,17,54,40,43%,2,0,2,0,2,0,2,5,1.0,189,149,6,49,27,,,,,,,,,,,,,,,,,,
35%,4,3,1,0,1,1,4,20,2,266,165,27,123,36,65%,17,6,4,7,7,3,2,7,3,499,389,25,177,98,33%,2,2,0,0,1,0,1,12,1.0,141,87,16,59,20,67%,5,1,1,3,3,2,2,5,2.0,294,236,12,91,44,37%,2,1,1,0,0,1,3,8,1.0,125,78,11,64,16,63%,12,5,3,4,4,1,0,2,1.0,205,153,13,86,54,,,,,,,,,,,,,,,,,,
54%,13,6,2,5,3,1,2,15,2,345,266,23,94,54,46%,12,3,7,2,3,2,2,15,2,285,200,19,95,53,55%,5,3,1,1,2,1,0,8,1.0,162,126,10,48,30,45%,6,1,4,1,2,0,2,6,2.0,125,90,10,48,28,53%,8,3,1,4,1,0,2,7,1.0,183,140,13,46,24,47%,6,2,3,1,1,2,0,9,0.0,160,110,9,47,25,,,,,,,,,,,,,,,,,,
33%,5,5,0,0,0,1,1,8,2,313,222,24,101,36,67%,19,3,8,8,7,1,3,14,1,631,535,14,151,86,38%,2,2,0,0,0,0,1,6,1.0,186,141,14,54,20,62%,11,2,4,5,3,1,1,6,0.0,304,257,7,76,35,28%,3,3,0,0,0,1,0,2,1.0,127,81,10,47,16,72%,8,1,4,3,4,0,2,8,1.0,327,278,7,75,51,1.0,0.0,1.0,0.0,,,,,,,,,,,,,,
48%,13,6,3,4,7,4,0,12,3,282,170,18,150,87,52%,9,0,6,3,3,2,3,11,6,319,186,25,145,44,44%,7,4,0,3,5,1,0,3,0.0,134,77,11,72,44,56%,5,0,4,1,0,0,1,3,3.0,177,109,11,74,15,52%,6,2,3,1,2,3,0,9,3.0,148,93,7,78,43,48%,4,0,2,2,3,2,2,8,3.0,142,77,14,71,29,,,,,,,,,,,,,,,,,,
40%,18,6,8,4,5,3,2,17,4,253,157,20,121,73,60%,13,3,5,5,2,4,5,14,2,379,292,12,133,47,40%,12,4,5,3,4,0,1,10,2.0,134,94,6,56,37,60%,4,1,1,2,1,3,4,8,2.0,203,166,8,60,17,40%,6,2,3,1,1,3,1,7,2.0,119,63,14,65,36,60%,9,2,4,3,1,1,1,6,0.0,176,126,4,73,30,,,,,,,5.0,11.0,6.0,6.0,5.0,11.0,6.0,6.0,0.0,0.0,0.0,0.0
47%,11,5,5,1,4,0,2,18,1,331,246,16,99,57,53%,13,3,7,3,7,4,4,13,2,363,273,21,94,62,38%,6,1,4,1,3,0,1,10,1.0,116,80,7,39,28,62%,7,2,2,3,3,2,1,8,2.0,185,144,10,45,35,57%,5,4,1,0,1,0,1,8,,215,166,9,60,29,43%,6,1,5,0,4,2,3,5,,178,129,11,49,27,1.0,1.0,1.0,1.0,,,,,,,,,,,,,,
58%,21,9,7,5,7,1,4,7,2,486,394,18,118,100,42%,13,5,6,2,1,3,8,7,3,371,266,26,93,46,49%,10,2,4,4,5,1,2,4,1.0,203,163,7,51,46,51%,7,3,2,2,1,1,2,4,1.0,228,182,11,41,24,68%,11,7,3,1,2,0,2,3,1.0,283,231,11,67,54,32%,6,2,4,0,0,2,6,3,2.0,143,84,15,52,22,,,,,,,,,,,,,,,,,,
46%,14,6,7,1,11,3,2,7,0,246,110,16,93,75,54%,14,2,10,2,8,3,5,10,1,295,145,12,98,79,45%,4,2,2,0,2,3,1,6,,113,47,6,41,21,55%,7,1,4,2,5,1,2,5,,132,60,7,58,57,47%,10,4,5,1,9,0,1,1,0.0,133,63,10,52,54,53%,7,1,6,0,3,2,3,5,1.0,163,85,5,40,22,,,,,,,,,,,,,,,,,,
69%,18,3,8,7,8,1,1,17,4,465,381,18,111,87,31%,11,3,5,3,5,1,2,15,0,217,143,18,88,43,65%,6,1,4,1,5,1,0,4,1.0,206,166,13,48,43,35%,6,1,4,1,1,1,0,7,0.0,110,80,9,43,20,73%,12,2,4,6,3,0,1,13,3.0,259,215,5,63,44,27%,5,2,1,2,4,0,2,8,0.0,107,63,9,45,23,,,,,,,,,,,,,,,,,,
63%,22,7,13,2,4,1,0,10,3,467,383,8,130,77,37%,9,1,7,1,4,0,5,13,2,270,178,12,130,57,66%,8,3,5,0,1,1,0,4,0.0,255,212,3,53,30,34%,3,1,1,1,3,0,2,7,1.0,124,81,6,65,31,60%,14,4,8,2,3,0,0,6,3.0,212,171,5,77,47,40%,6,0,6,0,1,0,3,6,1.0,146,97,6,65,26,,,,,,,,,,,,,,,,,,
69%,10,7,2,1,1,3,2,11,2,608,544,14,129,45,31%,10,2,5,3,6,2,5,15,4,269,201,11,105,66,67%,1,1,0,0,0,2,2,7,2.0,299,269,7,62,18,33%,8,2,4,2,2,1,1,5,2.0,138,111,6,50,40,71%,9,6,2,1,1,1,0,4,0.0,309,275,7,67,27,29%,2,0,1,1,4,1,4,10,2.0,131,90,5,55,26,,,,,,,,,,,,,,,,,,
44%,8,3,3,2,4,3,3,14,5,286,192,11,118,53,56%,16,3,10,3,4,2,2,14,2,373,295,10,141,64,53%,3,1,2,0,3,2,1,7,3.0,175,128,6,66,33,47%,3,1,1,1,2,1,1,7,1.0,157,120,5,66,25,35%,5,2,1,2,1,1,2,7,2.0,111,64,5,52,20,65%,13,2,9,2,2,1,1,7,1.0,216,175,5,75,39,1.0,1.0,1.0,0.0,0.0,1.0,,,,,,,,,,,,
54%,19,6,9,4,4,3,2,9,1,432,344,30,104,83,46%,16,4,7,5,2,1,4,8,1,373,286,27,91,50,57%,9,4,3,2,3,2,1,5,1.0,209,175,13,56,46,43%,4,1,3,0,0,1,3,6,0.0,158,128,10,40,19,51%,10,2,6,2,1,1,1,4,0.0,223,169,17,48,37,49%,12,3,4,5,2,0,1,2,1.0,215,158,17,51,31,1.0,0.0,,,1.0,0.0,,,,,,,,,,,,
46%,8,4,2,2,6,2,3,14,3,347,247,13,100,67,54%,13,4,6,3,6,1,2,7,1,420,317,19,99,75,45%,2,1,1,0,2,0,2,6,1.0,163,112,6,49,36,55%,8,2,3,3,5,1,1,4,0.0,197,149,8,46,36,47%,6,3,1,2,4,2,1,8,2.0,184,135,7,51,31,53%,5,2,3,0,1,0,1,3,1.0,223,168,11,53,39,1.0,0.0,,,1.0,0.0,,,,,,,,,,,,
29%,13,3,7,3,4,0,3,14,4,199,119,23,93,53,71%,10,3,4,3,6,2,2,13,6,480,385,22,110,67,34%,3,1,1,1,0,0,1,8,2.0,121,77,9,52,23,66%,2,1,0,1,3,1,0,7,2.0,233,181,10,53,29,21%,10,2,6,2,4,0,2,6,2.0,78,42,14,41,30,79%,8,2,4,2,3,1,2,6,4.0,247,204,12,57,38,1.0,1.0,,,1.0,1.0,,,,,,,,,,,,
68%,19,3,9,7,7,0,2,12,2,533,439,12,113,74,32%,9,3,5,1,5,1,2,8,2,246,156,23,79,48,64%,4,1,3,0,4,0,1,5,1.0,271,213,5,57,30,36%,5,2,2,1,4,0,0,2,0.0,145,94,13,46,30,72%,15,2,6,7,3,0,1,7,1.0,262,226,7,56,44,28%,4,1,3,0,1,1,2,6,2.0,101,62,10,33,18,0.0,2.0,0.0,1.0,0.0,1.0,,,,,,,,,,,,
67%,9,1,5,3,5,2,3,10,1,596,489,18,134,64,33%,10,5,4,1,5,1,0,7,4,292,188,23,97,58,63%,3,0,3,0,1,0,3,5,0.0,293,242,11,70,34,37%,8,3,4,1,3,0,0,3,1.0,166,118,14,53,33,71%,6,1,2,3,4,2,0,5,1.0,303,247,7,64,30,29%,2,2,0,0,2,1,0,4,3.0,126,70,9,44,25,,,,,,,,,,,,,,,,,,
51%,7,2,3,2,1,0,2,15,2,464,368,20,147,47,49%,10,2,3,5,4,1,2,11,1,443,348,20,156,58,51%,3,1,1,1,0,0,2,10,1.0,238,191,8,74,21,49%,4,2,1,1,1,0,1,3,0.0,233,182,7,75,20,51%,4,1,2,1,1,0,0,5,1.0,226,177,12,73,26,49%,6,0,2,4,3,1,1,8,1.0,210,166,13,81,38,1.0,0.0,,,1.0,0.0,,,,,,,,,,,,
43%,16,3,9,4,6,0,2,11,2,370,256,26,163,68,57%,7,2,3,2,1,0,3,11,4,505,379,23,149,49,39%,13,3,7,3,6,0,0,3,0.0,191,140,14,90,46,61%,1,0,1,0,0,0,3,4,1.0,305,249,13,67,17,47%,3,0,2,1,0,0,2,8,2.0,179,116,12,73,22,53%,6,2,2,2,1,0,0,7,3.0,200,130,10,82,32,,,,,,,,,,,,,,,,,,
54%,12,3,7,2,4,0,1,11,4,519,428,18,140,68,46%,8,2,5,1,5,4,2,4,1,439,341,14,145,60,47%,3,0,3,0,1,0,1,6,,235,187,10,60,22,53%,6,2,3,1,4,2,0,2,,261,209,8,81,39,61%,9,3,4,2,3,0,0,5,4.0,284,241,8,80,46,39%,2,0,2,0,1,2,2,2,1.0,178,132,6,64,21,,,,,,,,,,,,,,,,,,
53%,15,4,7,4,5,1,2,12,2,401,322,12,123,57,47%,7,2,4,1,3,1,3,14,4,359,253,19,138,43,60%,7,3,3,1,3,1,1,3,2.0,211,173,6,63,29,40%,3,1,1,1,3,1,2,6,1.0,146,94,8,58,21,46%,8,1,4,3,2,0,1,9,0.0,190,149,6,60,28,54%,4,1,3,0,0,0,1,8,3.0,213,159,11,80,22,,,,,,,,,,,,,,,,,,
53%,7,2,4,1,5,0,0,9,2,374,295,8,113,48,47%,7,1,3,3,2,2,0,12,2,326,248,10,107,63,42%,4,1,2,1,1,0,0,4,2.0,113,82,3,48,13,58%,3,1,1,1,2,1,0,8,1.0,152,112,3,60,38,67%,3,1,2,0,4,0,0,5,0.0,261,213,5,65,35,33%,4,0,2,2,0,1,0,4,1.0,174,136,7,47,25,0.0,1.0,0.0,1.0,,,,,,,,,,,,,,
54%,20,3,13,4,5,2,0,7,2,441,365,20,86,68,46%,8,0,4,4,4,0,2,7,2,366,285,12,113,61,60%,13,3,8,2,3,1,0,4,1.0,241,204,8,46,41,40%,2,0,0,2,2,0,2,3,0.0,153,108,3,54,27,48%,7,0,5,2,2,1,0,3,1.0,200,161,12,40,27,52%,6,0,4,2,2,0,0,4,2.0,213,177,9,59,34,,,,,,,,,,,,,,,,,,
39%,11,7,2,2,3,3,1,20,1,306,221,21,86,49,61%,19,3,11,5,8,0,4,12,3,466,373,15,115,84,43%,9,6,1,2,3,3,1,7,,172,135,9,45,27,57%,11,1,5,5,6,0,4,3,,225,176,7,55,45,35%,2,1,1,0,0,0,0,13,1.0,134,86,12,41,22,65%,8,2,6,0,2,0,0,9,3.0,241,197,8,60,39,1.0,0.0,,,1.0,0.0,,,,,,,,,,,,
52%,11,5,4,2,3,1,5,16,2,476,375,18,86,44,48%,18,5,11,2,4,1,2,9,2,440,364,14,111,61,52%,6,4,2,0,2,0,2,9,,240,183,7,47,19,48%,7,2,4,1,3,1,1,3,,217,169,5,63,28,52%,5,1,2,2,1,1,3,7,2.0,236,192,11,39,25,48%,11,3,7,1,1,0,1,6,2.0,223,195,9,48,33,1.0,0.0,,,1.0,0.0,,,,,,,,,,,,
63%,22,8,8,6,8,0,2,0,2,532,455,24,100,77,37%,9,3,3,3,2,0,5,0,1,304,226,16,85,41,61%,8,5,3,0,5,0,2,0,,270,223,18,60,47,39%,5,3,2,0,1,0,4,0,,171,128,10,47,20,65%,14,3,5,6,3,0,0,0,2.0,262,232,6,40,30,35%,4,0,1,3,1,0,1,0,1.0,133,98,6,38,21,0.0,1.0,0.0,1.0,,,,,,,,,,,,,,
44%,6,2,3,1,3,1,1,12,4,346,252,20,111,38,56%,9,2,3,4,2,5,1,7,0,443,349,16,173,72,48%,3,2,0,1,2,0,0,10,4.0,172,124,9,56,19,52%,2,0,1,1,1,0,1,3,0.0,175,131,5,67,30,40%,3,0,3,0,1,1,1,2,,174,128,11,55,19,60%,7,2,2,3,1,5,0,4,,268,218,11,106,42,1.0,1.0,1.0,1.0,,,,,,,,,,,,,,
57%,13,6,4,3,4,2,3,12,4,465,380,20,132,63,43%,14,4,6,4,9,2,3,11,1,345,268,14,120,62,64%,9,4,2,3,3,1,1,4,0.0,233,197,9,64,33,36%,2,1,1,0,4,0,2,6,1.0,128,90,11,52,25,49%,4,2,2,0,1,1,2,8,4.0,232,183,11,68,30,51%,12,3,5,4,5,2,1,5,0.0,217,178,3,68,37,,,,,,,,,,,,,,,,,,
64%,29,8,12,9,5,0,1,6,1,573,495,18,179,108,36%,5,2,2,1,5,2,7,11,3,321,231,22,98,34,57%,11,1,6,4,1,0,1,2,1.0,274,234,9,79,41,43%,3,1,2,0,2,1,1,6,1.0,206,159,11,49,18,71%,18,7,6,5,4,0,0,4,0.0,299,261,9,100,67,29%,2,1,0,1,3,1,6,5,2.0,115,72,11,49,16,0.0,1.0,0.0,1.0,,,,,,,,,,,,,,
55%,14,8,6,0,7,3,3,11,1,384,278,15,121,70,45%,13,5,5,3,2,2,5,12,3,299,216,19,127,63,56%,9,6,3,0,6,1,2,4,0.0,188,137,8,60,45,44%,6,2,3,1,1,1,5,10,2.0,146,113,11,55,27,54%,5,2,3,0,1,2,1,7,1.0,196,141,7,61,25,46%,7,3,2,2,1,1,0,2,1.0,153,103,8,72,36,0.0,1.0,,,0.0,1.0,,,,,,,,,,,,
44%,15,3,11,1,2,5,4,11,2,361,246,11,143,60,56%,18,6,5,7,9,2,1,11,4,463,349,17,136,71,43%,4,1,3,0,0,2,3,6,1.0,186,132,4,66,28,57%,11,4,3,4,4,0,1,6,1.0,247,197,9,63,40,45%,11,2,8,1,2,3,1,5,1.0,175,114,7,77,32,55%,7,2,2,3,5,2,0,5,3.0,216,152,8,73,31,,,,,,,,,,,,,,,,,,
32%,13,6,5,2,5,1,2,19,3,235,187,10,91,59,68%,7,4,2,1,5,1,3,10,2,506,439,18,110,56,33%,7,3,3,1,3,0,0,9,,142,121,6,48,30,67%,1,1,0,0,4,0,1,4,,293,258,10,50,27,31%,6,3,2,1,2,1,2,10,3.0,93,66,4,43,29,69%,6,3,2,1,1,1,2,6,2.0,213,181,8,60,29,0.0,1.0,,,0.0,1.0,,,,,,,,,,,,
56%,12,4,3,5,10,1,0,14,2,344,255,17,142,68,44%,17,4,7,6,7,2,2,0,2,276,195,24,124,58,56%,5,2,1,2,7,0,0,5,1.0,176,128,4,67,35,44%,8,1,4,3,3,1,1,0,1.0,142,95,11,69,25,56%,7,2,2,3,3,1,0,9,1.0,168,127,13,75,33,44%,9,3,3,3,4,1,1,0,1.0,134,100,13,55,33,,,,,,,,,,,,,,,,,,
49%,14,6,6,2,6,2,1,13,0,327,232,24,111,51,51%,12,2,4,6,5,2,2,10,3,343,256,18,124,73,51%,6,3,2,1,3,2,1,8,,186,141,8,50,21,49%,6,2,1,3,1,1,1,4,,180,136,10,64,30,47%,8,3,4,1,3,0,0,5,0.0,141,91,16,61,30,53%,6,0,3,3,4,1,1,6,3.0,163,120,8,60,43,0.0,1.0,,,0.0,1.0,,,,,,,,,,,,
37%,15,3,8,4,4,0,3,11,4,334,248,15,140,58,63%,23,6,11,6,1,1,2,9,3,594,499,13,149,59,33%,4,1,3,0,1,0,1,5,2.0,160,118,8,66,25,67%,9,2,4,3,0,0,1,4,1.0,325,275,7,66,28,41%,11,2,5,4,3,0,2,6,2.0,174,130,7,74,33,59%,14,4,7,3,1,1,1,5,2.0,269,224,6,83,31,1.0,0.0,,,1.0,0.0,,,,,,,,,,,,
53%,25,11,9,5,10,1,2,11,2,433,365,11,161,82,47%,11,2,9,0,2,1,9,9,1,382,310,13,106,42,53%,11,5,3,3,4,1,0,8,1.0,233,201,6,75,36,47%,2,0,2,0,2,1,5,3,1.0,200,163,7,50,14,53%,14,6,6,2,6,0,2,3,1.0,200,164,5,86,46,47%,9,2,7,0,0,0,4,6,0.0,182,147,6,56,28,,,,,,,,,,,,,,,,,,
57%,17,8,7,2,2,2,2,12,3,500,411,16,97,56,43%,9,2,4,3,3,0,4,8,3,356,267,21,92,49,57%,7,4,3,0,1,0,0,5,1.0,273,230,6,42,16,43%,3,0,2,1,2,0,1,3,0.0,197,148,13,42,23,57%,10,4,4,2,1,2,2,7,2.0,227,181,10,55,40,43%,6,2,2,2,1,0,3,5,3.0,159,119,8,50,26,,,,,,,,,,,,,,,,,,
57%,11,6,4,1,4,2,6,18,4,397,307,19,102,64,43%,15,7,4,4,4,1,4,10,3,303,204,19,106,69,56%,5,4,1,0,1,2,3,8,0.0,209,160,12,53,31,44%,5,3,2,0,1,1,3,6,2.0,157,103,11,50,29,58%,6,2,3,1,3,0,3,10,4.0,188,147,7,49,33,42%,10,4,2,4,3,0,1,4,1.0,146,101,8,56,40,,,,,,,,,,,,,,,,,,
49%,13,2,9,2,6,5,5,15,1,346,222,18,94,57,51%,19,5,9,5,6,0,2,9,4,369,262,10,110,72,53%,2,0,2,0,3,1,2,7,1.0,205,135,12,47,28,47%,6,2,4,0,1,0,0,4,2.0,180,131,7,54,23,45%,11,2,7,2,3,4,3,8,0.0,141,87,6,47,29,55%,13,3,5,5,5,0,2,5,2.0,189,131,3,56,49,,,,,,,,,,,,,,,,,,
52%,15,4,3,8,10,1,3,13,2,378,299,15,125,76,48%,9,3,5,1,3,1,2,14,5,347,258,18,125,53,59%,9,2,2,5,6,0,2,8,1.0,208,164,5,65,44,41%,6,2,3,1,0,1,2,6,1.0,144,92,9,63,26,45%,6,2,1,3,4,1,1,5,1.0,170,135,10,60,32,55%,3,1,2,0,3,0,0,8,4.0,203,166,9,62,27,0.0,1.0,,,0.0,1.0,,,,,,,,,,,,
50%,10,7,1,2,5,3,1,9,2,497,415,20,123,47,50%,8,1,7,0,5,1,4,12,3,482,407,12,138,53,57%,6,4,0,2,5,1,1,5,1.0,316,272,10,72,36,43%,6,1,5,0,2,1,4,6,0.0,238,202,2,62,28,43%,4,3,1,0,0,2,0,4,1.0,181,143,10,51,11,57%,2,0,2,0,3,0,0,6,3.0,244,205,10,76,25,,,,,,,,,,,,,,,,,,
46%,10,3,3,4,3,3,5,15,0,393,296,31,130,60,54%,18,5,6,7,5,1,2,8,1,445,345,13,153,78,53%,7,3,3,1,1,1,4,9,0.0,249,201,15,68,32,47%,8,4,3,1,1,0,2,5,1.0,212,158,8,69,19,39%,3,0,0,3,2,2,1,6,,144,95,16,62,28,61%,10,1,3,6,4,1,0,3,,233,187,5,84,59,,,,,,,,,,,,,,,,,,
54%,13,4,5,4,6,2,1,10,1,493,367,18,156,60,46%,7,3,3,1,3,2,3,12,2,423,301,24,145,57,52%,3,1,2,0,1,1,1,4,0.0,269,191,10,87,19,48%,5,3,1,1,1,0,1,5,1.0,245,176,15,83,26,56%,10,3,3,4,5,1,0,6,1.0,224,176,8,69,41,44%,2,0,2,0,2,2,2,7,1.0,178,125,9,62,31,,,,,,,,,,,,,,,,,,
57%,23,6,11,6,11,2,4,14,5,412,315,8,119,99,43%,10,4,5,1,3,2,6,16,1,334,242,16,90,57,51%,15,2,7,6,5,1,0,7,2.0,184,135,5,54,44,49%,1,0,0,1,2,1,2,8,1.0,184,140,9,43,23,63%,8,4,4,0,6,1,4,7,3.0,228,180,3,65,55,37%,9,4,5,0,1,1,4,8,0.0,150,102,7,47,34,,,,,,,,,,,,,,,,,,
55%,16,6,8,2,4,0,3,18,2,406,320,13,134,64,45%,18,5,11,2,4,0,5,13,3,340,252,19,126,54,53%,6,4,2,0,2,0,1,10,0.0,207,166,8,56,29,47%,12,2,9,1,2,0,3,4,2.0,190,148,10,63,25,57%,10,2,6,2,2,0,2,8,2.0,199,154,5,78,35,43%,6,3,2,1,2,0,2,9,1.0,150,104,9,63,29,,,,,,,,,,,,,,,,,,
51%,17,8,6,3,4,1,3,16,2,410,333,25,111,44,49%,12,3,7,2,7,2,4,16,3,384,301,15,123,66,48%,10,4,5,1,1,0,1,8,1.0,195,162,15,56,19,52%,5,1,3,1,2,0,1,6,1.0,205,158,7,48,26,54%,7,4,1,2,3,1,2,8,1.0,215,171,10,55,25,46%,7,2,4,1,5,2,3,10,2.0,179,143,8,75,40,,,,,,,,,,,,,,,,,,
38%,14,5,6,3,2,0,0,17,1,282,175,23,125,48,62%,5,0,2,3,4,1,4,11,3,444,325,13,163,85,48%,9,2,5,2,1,0,0,9,0.0,185,125,11,60,27,52%,1,0,0,1,1,1,1,3,1.0,192,131,6,78,36,28%,5,3,1,1,1,0,0,8,1.0,97,50,12,65,21,72%,4,0,2,2,3,0,3,8,2.0,252,194,7,85,49,1.0,0.0,,,1.0,0.0,,,,,,,,,,,,
54%,21,4,11,6,9,0,2,14,2,359,262,12,130,77,46%,9,2,6,1,5,5,2,13,2,305,206,21,126,64,56%,10,0,7,3,4,0,1,10,2.0,181,132,8,68,43,44%,2,1,1,0,1,3,0,8,1.0,142,91,12,64,28,52%,11,4,4,3,5,0,1,4,0.0,178,130,4,62,34,48%,7,1,5,1,4,2,2,5,1.0,163,115,9,62,36,,,,,,,,,,,,,,,,,,
46%,16,3,8,5,4,3,5,10,1,353,273,20,119,49,54%,13,7,5,1,6,0,1,8,1,402,295,13,125,59,47%,7,2,4,1,2,2,2,6,,190,145,12,61,20,53%,7,3,3,1,3,0,0,2,,211,159,7,60,24,45%,9,1,4,4,2,1,3,4,1.0,163,128,8,58,29,55%,6,4,2,0,3,0,1,6,1.0,191,136,6,65,35,,,,,,,,,,,,,,,,,,
45%,13,6,4,3,7,1,3,18,3,285,213,9,111,75,55%,12,3,5,4,2,3,5,11,2,353,296,15,116,53,44%,3,1,2,0,5,0,2,9,1.0,147,110,5,58,36,56%,9,2,4,3,1,2,1,7,1.0,193,169,6,52,22,46%,10,5,2,3,2,1,1,9,2.0,138,103,4,53,39,54%,3,1,1,1,1,1,4,4,1.0,160,127,9,64,31,0.0,1.0,,,0.0,1.0,,,,,,,,,,,,
51%,19,6,8,5,6,3,2,13,3,369,276,19,121,64,49%,8,2,6,0,2,2,4,13,3,357,273,18,132,50,51%,9,2,3,4,4,2,1,7,2.0,202,153,12,65,31,49%,4,1,3,0,1,0,2,8,0.0,199,155,10,70,23,51%,10,4,5,1,2,1,1,6,1.0,167,123,7,56,33,49%,4,1,3,0,1,2,2,5,3.0,158,118,8,62,27,0.0,2.0,,,0.0,2.0,,,,,,,,,,,,
56%,12,4,5,3,8,0,4,9,3,432,343,22,111,83,44%,12,6,5,1,1,2,2,14,4,325,253,15,87,53,57%,8,1,4,3,5,0,4,3,1.0,209,171,10,52,39,43%,8,5,2,1,0,1,1,7,2.0,162,136,5,40,27,55%,4,3,1,0,3,0,0,6,2.0,223,172,12,59,44,45%,4,1,3,0,1,1,1,7,2.0,163,117,10,47,26,,,,,,,,,,,,,,,,,,
46%,14,4,5,5,8,2,5,12,2,338,265,13,100,79,54%,12,7,2,3,3,0,1,9,3,419,329,17,102,60,45%,6,1,2,3,5,2,3,5,1.0,183,145,5,55,40,55%,8,4,2,2,2,0,1,2,0.0,235,188,5,54,32,47%,8,3,3,2,3,0,2,7,1.0,155,120,8,45,39,53%,4,3,0,1,1,0,0,7,3.0,184,141,12,48,28,,,,,,,,,,,,,,,,,,
36%,9,4,4,1,3,0,2,13,4,279,181,23,90,41,64%,11,2,6,3,5,3,3,10,3,484,354,12,139,94,37%,3,1,2,0,1,0,1,6,1.0,153,96,9,49,16,63%,6,1,4,1,3,1,0,4,0.0,251,188,7,59,40,35%,6,3,2,1,2,0,1,7,3.0,126,85,14,41,25,65%,5,1,2,2,2,2,3,6,3.0,233,166,5,80,54,0.0,1.0,,,0.0,1.0,,,,,,,,,,,,
43%,9,5,1,3,2,2,1,23,5,277,192,21,90,38,57%,7,2,5,0,4,0,4,15,3,361,281,14,113,61,51%,7,4,1,2,2,1,0,8,1.0,168,127,9,48,28,49%,0,0,0,0,2,0,3,9,1.0,165,126,10,59,26,36%,2,1,0,1,0,1,1,15,4.0,109,65,12,42,10,64%,7,2,5,0,2,0,1,6,2.0,196,155,4,54,35,1.0,0.0,,,1.0,0.0,,,,,,,,,,,,
55%,13,7,6,0,5,1,2,12,4,426,329,18,101,66,45%,8,5,3,0,4,1,6,13,1,349,250,16,111,56,50%,5,3,2,0,2,0,2,5,2.0,161,123,12,49,30,50%,5,4,1,0,3,1,3,5,0.0,163,124,6,56,31,60%,8,4,4,0,3,1,0,7,2.0,265,206,6,52,36,40%,3,1,2,0,1,0,3,8,1.0,186,126,10,55,25,,,,,,,,,,,,,,,,,,
35%,18,4,12,2,7,1,1,15,1,259,171,17,89,55,65%,8,1,7,0,4,3,4,10,4,514,431,10,110,61,29%,6,1,5,0,0,0,0,8,1.0,132,80,4,43,16,71%,4,0,4,0,2,2,1,6,2.0,319,269,4,57,29,41%,12,3,7,2,7,1,1,7,0.0,127,91,13,46,39,59%,4,1,3,0,2,1,3,4,2.0,195,162,6,53,32,0.0,1.0,,,0.0,1.0,,,,,,,,,,,,
49%,11,2,7,2,4,1,4,21,4,401,275,14,137,64,51%,16,4,7,5,4,1,2,19,4,400,294,18,158,77,52%,5,0,3,2,2,0,2,13,2.0,206,141,6,60,30,48%,7,2,2,3,2,0,0,10,2.0,181,122,9,77,42,46%,6,2,4,0,2,1,2,8,2.0,195,134,8,77,34,54%,9,2,5,2,2,1,2,9,2.0,219,172,9,81,35,1.0,0.0,,,1.0,0.0,,,,,,,,,,,,
61%,16,4,9,3,6,1,2,8,1,466,378,3,135,87,39%,5,2,3,0,2,1,4,11,2,299,198,7,88,41,59%,7,0,5,2,3,0,1,6,0.0,233,193,1,67,42,41%,3,1,2,0,1,1,0,6,1.0,159,111,6,43,22,63%,9,4,4,1,3,1,1,2,1.0,233,185,2,68,45,37%,2,1,1,0,1,0,4,5,1.0,140,87,1,45,19,,,,,,,,,,,,,,,,,,
65%,22,6,8,8,3,2,5,7,3,608,517,8,128,74,35%,15,6,6,3,6,1,4,9,2,315,228,14,88,66,70%,9,1,4,4,1,1,3,5,1.0,355,306,4,70,44,30%,8,3,4,1,3,0,1,4,0.0,138,98,10,37,29,60%,13,5,4,4,2,1,2,2,2.0,253,211,4,58,30,40%,7,3,2,2,3,1,3,5,2.0,177,130,4,51,37,,,,,,,,,,,,,,,,,,
46%,13,4,7,2,5,5,1,13,3,397,320,11,131,68,54%,11,2,4,5,3,3,2,17,3,455,367,18,118,58,47%,7,2,4,1,2,2,1,7,2.0,186,149,7,59,23,53%,6,2,0,4,3,1,0,8,1.0,198,159,5,55,29,45%,6,2,3,1,3,3,0,6,1.0,211,171,4,72,45,55%,5,0,4,1,0,2,2,9,2.0,257,208,13,63,29,1.0,1.0,1.0,1.0,,,,,,,,,,,,,,
46%,15,2,10,3,6,2,4,20,1,424,348,21,122,59,54%,14,4,6,4,5,0,1,12,3,489,407,14,122,66,43%,6,0,3,3,5,1,2,9,,200,156,8,62,28,57%,8,2,4,2,2,0,0,5,,279,235,7,64,29,49%,9,2,7,0,1,1,2,11,1.0,224,192,13,60,31,51%,6,2,2,2,3,0,1,7,3.0,210,172,7,58,37,0.0,1.0,,,0.0,1.0,,,,,,,,,,,,
56%,22,7,9,6,3,1,1,14,1,424,359,19,144,63,44%,11,1,9,1,2,2,5,12,3,311,241,13,118,58,59%,12,2,4,6,1,0,0,10,1.0,253,226,5,74,27,41%,3,0,3,0,1,1,1,7,2.0,161,126,7,59,24,53%,10,5,5,0,2,1,1,4,0.0,171,133,14,70,36,47%,8,1,6,1,1,1,4,5,1.0,150,115,6,59,34,,,,,,,,,,,,,,,,,,
50%,16,4,8,4,7,2,4,11,3,326,226,13,124,66,50%,15,4,7,4,5,3,4,12,4,339,231,28,157,91,47%,4,1,2,1,4,1,2,5,2.0,158,106,6,57,24,53%,7,2,1,4,4,3,1,4,2.0,175,112,16,84,55,53%,12,3,6,3,3,1,2,6,1.0,168,120,7,67,42,47%,8,2,6,0,1,0,3,8,2.0,164,119,12,73,36,,,,,,,,,,,,,,,,,,
60%,10,3,3,4,6,0,2,13,3,392,308,23,136,89,40%,8,3,3,2,4,2,2,12,2,266,184,15,112,51,50%,7,2,2,3,2,0,1,7,2.0,155,115,8,53,36,50%,5,2,2,1,2,1,2,6,1.0,154,113,7,59,25,69%,3,1,1,1,4,0,1,6,1.0,237,193,15,83,53,31%,3,1,1,1,2,1,0,6,1.0,112,71,8,53,26,,,,,,,,,,,,,,,,,,
45%,6,2,3,1,4,4,4,13,2,343,243,23,101,64,55%,14,6,6,2,5,3,1,14,3,435,329,17,116,67,42%,2,2,0,0,2,3,1,4,1.0,159,113,17,43,29,58%,9,2,5,2,0,2,1,6,1.0,261,212,10,63,28,48%,4,0,3,1,2,1,3,9,1.0,184,130,6,58,35,52%,5,4,1,0,5,1,0,8,2.0,174,117,7,53,39,,,,,,,12.0,24.0,16.0,17.0,5.0,10.0,6.0,8.0,7.0,14.0,10.0,9.0
53%,14,2,9,3,5,3,1,6,2,467,375,26,129,79,47%,10,1,4,5,3,4,2,13,3,406,323,17,105,59,57%,7,1,4,2,1,2,1,3,,296,252,14,72,36,43%,2,1,1,0,0,2,1,6,,215,176,5,45,18,49%,7,1,5,1,4,1,0,3,2.0,171,123,12,57,43,51%,8,0,3,5,3,2,1,7,3.0,191,147,12,60,41,,,,,,,,,,,,,,,,,,
56%,5,3,1,1,4,2,2,10,6,401,287,22,94,51,44%,10,3,5,2,5,1,1,19,5,306,208,22,88,81,57%,1,1,0,0,2,0,1,4,3.0,249,194,15,55,23,43%,3,2,0,1,3,0,1,8,0.0,175,127,15,51,48,55%,4,2,1,1,2,2,1,6,3.0,152,93,7,39,28,45%,7,1,5,1,2,1,0,11,5.0,131,81,7,37,33,1.0,0.0,,,1.0,0.0,,,,,,,,,,,,
40%,11,3,6,2,2,1,4,14,4,317,223,25,109,53,60%,18,5,8,5,6,1,2,6,2,478,368,22,119,74,42%,8,3,3,2,1,1,3,7,1.0,181,136,5,47,28,58%,10,3,5,2,1,1,2,2,0.0,265,212,8,53,30,37%,3,0,3,0,1,0,1,7,3.0,136,87,20,62,25,63%,8,2,3,3,5,0,0,4,2.0,213,156,14,66,44,,,,,,,,,,,,,,,,,,
67%,13,2,7,4,7,1,1,10,3,545,451,17,165,89,33%,5,2,2,1,3,4,2,16,4,270,183,22,117,44,68%,8,2,3,3,5,0,0,5,1.0,267,222,7,76,40,32%,2,1,0,1,2,0,2,10,3.0,127,82,5,56,19,66%,5,0,4,1,2,1,1,5,2.0,278,229,10,89,49,34%,3,1,2,0,1,4,0,6,1.0,143,101,17,61,25,,,,,,,,,,,,,,,,,,
71%,16,0,12,4,6,0,0,10,0,510,410,7,121,89,29%,5,2,2,1,1,0,0,14,4,213,122,15,82,29,70%,5,0,4,1,2,0,0,5,0.0,268,216,5,57,31,30%,2,1,1,0,1,0,0,3,1.0,117,69,9,46,20,72%,11,0,8,3,4,0,0,5,0.0,242,194,2,64,58,28%,3,1,1,1,0,0,0,11,3.0,96,53,6,36,9,,,,,,,,,,,,,,,,,,
48%,14,7,5,2,4,0,6,16,6,319,222,17,107,59,52%,11,6,3,2,1,4,6,12,2,345,246,22,112,55,47%,7,3,2,2,2,0,4,9,2.0,152,102,9,58,36,53%,6,4,1,1,0,2,3,6,1.0,169,112,13,66,26,49%,7,4,3,0,2,0,2,7,4.0,167,120,8,49,23,51%,5,2,2,1,1,2,3,6,1.0,176,134,9,46,29,,,,,,,,,,,,,,,,,,
42%,3,1,2,0,2,1,7,10,2,332,258,5,86,46,58%,19,8,5,6,8,1,1,17,5,454,389,17,116,104,44%,1,1,0,0,0,0,6,6,,196,150,4,47,20,56%,12,6,3,3,3,0,1,6,,254,214,8,64,59,40%,2,0,2,0,2,1,1,4,2.0,136,108,1,39,26,60%,7,2,2,3,5,1,0,11,5.0,200,175,9,52,45,1.0,1.0,1.0,0.0,0.0,1.0,,,,,,,,,,,,
57%,16,3,8,5,4,0,3,9,3,516,397,14,131,53,43%,7,3,4,0,2,2,3,17,5,384,273,11,152,64,56%,4,1,1,2,1,0,1,5,2.0,281,220,5,64,17,44%,2,1,1,0,1,1,1,8,2.0,213,161,7,78,30,58%,12,2,7,3,3,0,2,4,1.0,235,177,9,67,36,42%,5,2,3,0,1,1,2,9,3.0,171,112,4,74,34,,,,,,,,,,,,,,,,,,
45%,13,3,6,4,7,0,3,10,2,353,260,23,122,72,55%,14,4,6,4,8,2,3,12,3,421,338,24,115,79,37%,5,1,2,2,2,0,2,5,1.0,153,101,13,49,25,63%,8,2,4,2,2,1,1,7,1.0,247,208,8,68,46,53%,8,2,4,2,5,0,1,5,1.0,200,159,10,73,47,47%,6,2,2,2,6,1,2,5,2.0,174,130,16,47,33,,,,,,,,,,,,,,,,,,
53%,14,2,9,3,4,1,5,9,4,443,358,18,138,72,47%,13,5,4,4,6,3,1,14,3,387,298,13,130,61,56%,4,1,2,1,3,0,2,1,1.0,249,204,7,74,38,44%,4,2,1,1,1,2,1,10,1.0,197,152,4,60,18,50%,10,1,7,2,1,1,3,8,3.0,194,154,11,64,34,50%,9,3,3,3,5,1,0,4,2.0,190,146,9,70,43,,,,,,,,,,,,,,,,,,
44%,8,2,5,1,5,4,2,16,3,317,226,19,98,57,56%,11,3,6,2,5,1,0,15,4,383,290,11,100,65,55%,5,2,3,0,5,0,0,8,2.0,197,152,10,56,38,45%,2,0,1,1,1,0,0,11,2.0,162,119,7,35,21,34%,3,0,2,1,0,4,2,8,1.0,120,74,9,42,19,66%,9,3,5,1,4,1,0,4,2.0,221,171,4,65,44,,,,,,,,,,,,,,,,,,
58%,18,5,8,5,4,1,5,10,5,509,421,19,126,83,42%,11,6,3,2,5,1,4,14,3,367,281,17,93,58,59%,10,3,3,4,1,1,2,8,0.0,287,246,6,57,36,41%,6,2,3,1,2,0,3,9,2.0,200,164,9,45,24,57%,8,2,5,1,3,0,3,2,5.0,222,175,13,69,47,43%,5,4,0,1,3,1,1,5,1.0,167,117,8,48,34,1.0,1.0,,,1.0,1.0,,,,,,,,,,,,
57%,12,8,3,1,4,1,2,16,5,397,301,25,146,68,43%,14,3,7,4,5,1,6,11,3,286,198,14,129,59,58%,5,2,2,1,2,0,0,7,2.0,213,156,14,69,33,42%,3,0,3,0,1,0,2,7,1.0,157,97,7,63,23,56%,7,6,1,0,2,1,2,9,3.0,184,145,11,77,35,44%,11,3,4,4,4,1,4,4,2.0,129,101,7,66,36,,,,,,,,,,,,,,,,,,
43%,9,1,6,2,2,0,4,16,4,320,198,13,82,32,57%,15,7,6,2,10,3,0,16,2,415,305,11,107,90,38%,5,1,2,2,1,0,3,9,2.0,149,93,5,40,15,62%,9,3,4,2,5,0,0,9,1.0,232,182,8,59,57,48%,4,0,4,0,1,0,1,7,2.0,171,105,8,42,17,52%,6,4,2,0,5,3,0,7,1.0,183,123,3,48,33,,,,,,,,,,,,,,,,,,
61%,15,7,6,2,7,4,1,10,2,525,447,12,63,79,39%,7,1,5,1,4,1,3,5,2,319,234,7,110,39,50%,7,3,3,1,4,1,1,4,1.0,200,157,6,62,40,50%,4,1,3,0,2,1,1,3,2.0,209,162,4,59,21,76%,8,4,3,1,3,3,0,6,1.0,325,290,6,1,39,24%,3,0,2,1,2,0,2,2,0.0,110,72,3,51,18,0.0,1.0,0.0,1.0,,,,,,,,,,,,,,
44%,12,7,2,3,2,1,7,10,5,301,215,25,108,35,56%,23,7,11,5,14,1,5,8,3,344,272,5,151,104,51%,4,2,0,2,1,0,1,4,0.0,167,131,12,51,15,49%,8,1,6,1,6,0,1,6,3.0,151,126,2,62,38,37%,8,5,2,1,1,1,6,6,5.0,134,84,13,57,20,63%,15,6,5,4,8,1,4,2,0.0,193,146,3,89,66,,,,,,,,,,,,,,,,,,
42%,12,7,3,2,6,1,3,13,4,316,235,14,129,65,58%,11,3,6,2,3,3,6,10,3,447,347,13,149,71,41%,4,3,0,1,2,1,3,5,1.0,175,130,6,69,31,59%,8,3,4,1,2,2,2,4,0.0,258,204,9,71,33,43%,8,4,3,1,4,0,0,8,3.0,141,105,8,60,34,57%,3,0,2,1,1,1,4,6,3.0,189,143,4,78,38,,,,,,,,,,,,,,,,,,
42%,19,3,12,4,3,1,4,10,2,412,340,36,139,62,58%,16,4,10,2,5,1,3,9,0,580,485,14,132,75,26%,5,0,4,1,1,0,1,3,1.0,185,151,12,73,25,74%,7,1,6,0,3,0,0,5,0.0,317,268,9,57,33,64%,14,3,8,3,2,1,3,7,1.0,227,189,24,66,37,36%,9,3,4,2,2,1,3,4,0.0,263,217,5,75,42,,,,,,,,,,,,,,,,,,
49%,10,2,4,4,6,1,4,15,2,447,325,10,143,59,51%,14,4,7,3,5,2,2,11,1,467,352,16,151,71,50%,5,1,2,2,1,1,3,9,2.0,230,171,4,74,23,50%,8,3,4,1,2,1,1,5,0.0,224,168,10,70,35,48%,5,1,2,2,5,0,1,6,0.0,217,154,6,69,36,52%,6,1,3,2,3,1,1,6,1.0,243,184,6,81,36,,,,,,,,,,,,,,,,,,
54%,6,2,3,1,3,2,4,19,3,381,275,22,140,67,46%,13,9,3,1,4,1,2,16,3,322,235,18,130,53,44%,2,1,1,0,1,2,1,8,1.0,135,88,14,59,30,56%,5,4,0,1,3,1,1,11,2.0,172,128,10,67,27,65%,4,1,2,1,2,0,3,11,2.0,246,187,8,81,37,35%,8,5,3,0,1,0,1,5,1.0,150,107,8,63,26,,,,,,,,,,,,,,,,,,
60%,14,5,6,3,13,4,2,13,2,417,339,12,147,107,40%,13,5,5,3,4,5,3,7,2,289,188,23,112,43,57%,7,3,3,1,8,1,2,4,0.0,205,170,5,68,55,43%,10,5,3,2,1,5,3,4,1.0,162,121,11,55,17,63%,7,2,3,2,5,3,0,9,2.0,212,169,7,79,52,37%,3,0,2,1,3,0,0,3,1.0,127,67,12,57,26,,,,,,,,,,,,,,,,,,
56%,20,8,10,2,9,1,2,15,3,347,269,15,125,88,44%,9,3,6,0,3,0,6,10,4,284,208,13,110,44,56%,8,2,6,0,4,0,0,8,3.0,175,139,4,58,33,44%,6,1,5,0,1,0,2,1,2.0,137,103,10,53,23,56%,12,6,4,2,5,1,2,7,0.0,172,130,11,67,55,44%,3,2,1,0,2,0,4,9,2.0,147,105,3,57,21,,,,,,,,,,,,,,,,,,
43%,8,3,5,0,2,0,0,18,5,229,162,13,113,52,57%,11,1,8,2,8,0,1,15,3,305,216,16,112,69,45%,5,3,2,0,1,0,0,6,1.0,127,101,6,60,26,55%,3,0,3,0,5,0,1,6,1.0,151,105,6,45,30,41%,3,0,3,0,1,0,0,12,4.0,102,61,7,53,26,59%,8,1,5,2,3,0,0,9,2.0,154,111,10,67,39,0.0,1.0,0.0,1.0,,,,,,,,,,,,,,
44%,10,1,6,3,6,0,5,20,3,304,236,22,118,64,56%,14,6,6,2,3,3,0,16,2,390,315,16,141,61,42%,4,0,4,0,3,0,1,13,3.0,154,120,10,58,28,58%,4,1,3,0,0,2,0,8,2.0,216,179,11,68,22,46%,6,1,2,3,3,0,4,7,,150,116,12,60,36,54%,10,5,3,2,3,1,0,8,,174,136,5,73,39,1.0,0.0,,,1.0,0.0,,,,,,,,,,,,
40%,6,1,3,2,3,4,3,15,6,283,186,16,111,47,60%,24,4,17,3,10,2,1,6,1,403,318,19,150,107,39%,5,1,2,2,1,1,0,6,3.0,141,88,8,51,21,61%,11,0,9,2,5,1,1,2,1.0,223,176,11,77,56,41%,1,0,1,0,2,3,3,9,3.0,142,98,8,60,26,59%,13,4,8,1,5,1,0,4,0.0,180,142,8,73,51,2.0,0.0,,,2.0,0.0,,,,,,,,,,,,
45%,12,4,8,0,4,1,1,12,5,343,246,19,127,53,55%,9,2,4,3,4,3,1,12,2,415,325,6,134,69,50%,7,1,6,0,2,1,1,6,2.0,191,143,9,72,28,50%,2,1,0,1,1,2,0,7,1.0,188,151,5,61,22,40%,5,3,2,0,2,0,0,6,3.0,152,103,10,55,25,60%,7,1,4,2,3,1,1,5,1.0,227,174,1,73,47,,,,,,,,,,,,,,,,,,
50%,9,8,0,1,2,1,4,14,2,353,258,22,75,38,50%,9,4,3,2,6,6,3,8,2,338,263,14,104,78,49%,5,4,0,1,2,0,2,7,1.0,187,145,14,38,21,51%,2,2,0,0,3,1,0,5,0.0,185,146,7,47,34,51%,4,4,0,0,0,1,2,7,1.0,166,113,8,37,17,49%,7,2,3,2,3,5,3,3,2.0,153,117,7,57,44,,,,,,,,,,,,,,,,,,
53%,16,6,4,6,3,1,4,11,4,470,376,14,153,80,47%,12,4,8,0,5,1,5,14,4,409,331,24,142,87,55%,10,3,3,4,3,0,0,4,0.0,273,228,9,69,42,45%,5,0,5,0,2,0,3,6,3.0,222,191,7,70,33,51%,6,3,1,2,0,1,4,7,4.0,197,148,5,84,38,49%,7,4,3,0,3,1,2,8,1.0,187,140,17,72,54,,,,,,,,,,,,,,,,,,
63%,13,3,9,1,3,1,1,20,3,446,383,7,141,86,37%,9,2,4,3,4,4,3,10,0,262,194,7,93,53,53%,7,0,6,1,0,1,1,9,1.0,207,177,5,61,28,47%,6,1,3,2,2,1,0,4,0.0,182,150,3,51,26,73%,6,3,3,0,3,0,0,11,2.0,239,206,2,80,58,27%,3,1,1,1,2,3,3,6,0.0,80,44,4,42,27,0.0,1.0,,,0.0,1.0,,,,,,,,,,,,
59%,14,4,8,2,6,2,2,10,4,390,302,19,133,84,41%,11,3,5,3,2,2,4,16,7,282,199,12,111,52,54%,3,0,3,0,1,2,1,7,3.0,202,158,10,58,26,46%,6,1,3,2,2,1,0,4,1.0,169,125,4,65,38,64%,11,4,5,2,5,0,1,3,1.0,188,144,9,75,58,36%,5,2,2,1,0,1,4,12,6.0,113,74,8,46,14,,,,,,,,,,,,,,,,,,
52%,12,3,6,3,1,1,6,7,4,418,308,15,142,70,48%,15,9,5,1,4,2,1,10,5,385,276,24,150,79,54%,5,1,4,0,1,0,4,3,1.0,232,176,8,70,31,46%,8,5,2,1,3,2,0,3,2.0,198,138,8,77,48,50%,7,2,2,3,0,1,2,4,3.0,186,132,7,72,39,50%,7,4,3,0,1,0,1,7,3.0,187,138,16,73,31,,,,,,,,,,,,,,,,,,
35%,12,6,4,2,4,2,2,15,4,275,196,11,89,51,65%,17,3,6,8,3,0,3,9,1,516,449,8,165,73,37%,4,2,2,0,1,2,1,8,1.0,142,99,7,48,26,63%,6,2,2,2,1,0,0,5,1.0,242,207,5,79,32,33%,8,4,2,2,3,0,1,7,3.0,133,97,4,41,25,67%,11,1,4,6,2,0,3,4,0.0,274,242,3,86,41,,,,,,,,,,,,,,,,,,
49%,7,3,3,1,10,3,2,18,5,269,188,17,125,71,51%,8,4,2,2,3,0,1,16,4,295,217,19,124,53,52%,2,0,1,1,4,2,1,9,1.0,166,124,8,62,27,48%,6,2,2,2,2,0,0,7,1.0,158,125,11,73,26,46%,5,3,2,0,6,1,1,9,4.0,103,64,9,63,44,54%,2,2,0,0,1,0,1,9,3.0,137,92,8,51,27,1.0,1.0,,,1.0,1.0,,,,,,,,,,,,
47%,19,8,8,3,6,1,5,7,1,279,220,20,108,79,53%,15,6,8,1,5,0,4,11,3,323,239,12,109,54,47%,13,4,7,2,5,0,2,3,1.0,143,115,13,54,40,53%,8,2,5,1,2,0,1,3,0.0,172,130,8,57,27,47%,6,4,1,1,1,1,3,4,0.0,136,105,7,54,39,53%,7,4,3,0,3,0,3,8,3.0,151,109,4,52,27,0.0,2.0,,,0.0,2.0,,,,,,,,,,,,
55%,18,5,6,7,7,2,1,7,2,421,325,11,145,90,45%,11,2,6,3,4,0,4,15,4,349,258,15,122,56,46%,6,1,3,2,3,0,1,6,2.0,170,132,3,50,25,54%,6,2,3,1,3,0,0,8,0.0,198,151,8,64,40,64%,12,4,3,5,4,2,0,1,0.0,251,193,8,95,65,36%,5,0,3,2,1,0,4,7,4.0,151,107,7,58,16,0.0,1.0,0.0,1.0,,,,,,,,,,,,,,
53%,18,2,11,5,6,1,4,12,5,390,320,14,127,70,47%,13,4,7,2,5,1,1,12,4,354,290,16,125,91,57%,8,0,6,2,2,0,1,6,0.0,232,197,9,65,36,43%,2,1,1,0,1,0,0,6,2.0,173,144,9,61,35,49%,10,2,5,3,4,1,3,6,5.0,158,123,5,62,34,51%,11,3,6,2,4,1,1,6,2.0,181,146,7,64,56,1.0,0.0,,,1.0,0.0,,,,,,,,,,,,
38%,13,5,6,2,3,0,2,13,3,233,161,7,106,43,62%,12,4,5,3,6,2,2,13,2,371,296,13,119,69,44%,10,5,4,1,2,0,1,8,1.0,146,115,2,56,26,56%,3,1,1,1,0,0,2,8,0.0,190,152,5,50,23,32%,3,0,2,1,1,0,1,5,2.0,87,46,5,50,17,68%,9,3,4,2,6,2,0,5,2.0,181,144,8,69,46,1.0,1.0,1.0,0.0,0.0,1.0,,,,,,,,,,,,
46%,10,5,2,3,2,2,4,11,5,393,310,19,119,36,54%,17,5,9,3,9,0,2,14,1,440,357,11,156,89,48%,4,2,1,1,1,0,1,3,1.0,216,177,13,63,19,52%,3,1,1,1,3,0,0,8,0.0,237,200,6,68,34,44%,6,3,1,2,1,2,3,8,4.0,177,133,6,56,17,56%,14,4,8,2,6,0,2,6,1.0,203,157,5,88,55,,,,,,,,,,,,,,,,,,
50%,8,0,6,2,5,4,2,15,3,401,330,10,133,81,50%,8,2,2,4,1,2,0,17,7,430,348,18,133,50,49%,3,0,2,1,3,4,1,6,1.0,203,173,4,61,33,51%,4,1,1,2,1,1,0,7,3.0,219,180,7,66,25,51%,5,0,4,1,2,0,1,9,2.0,198,157,6,72,48,49%,4,1,1,2,0,1,0,10,4.0,211,168,11,67,25,0.0,1.0,,,0.0,1.0,,,,,,,,,,,,
72%,13,3,9,1,6,1,2,14,3,475,392,10,156,109,28%,10,3,7,0,3,4,3,12,2,186,108,16,102,40,69%,3,0,3,0,3,1,2,9,2.0,218,178,5,69,43,31%,7,3,4,0,3,3,0,8,1.0,96,64,6,48,26,75%,10,3,6,1,3,0,0,5,1.0,257,214,5,87,66,25%,3,0,3,0,0,1,3,4,1.0,90,44,10,54,14,0.0,1.0,0.0,1.0,,,,,,,,,,,,,,
53%,13,5,6,2,3,1,1,13,3,426,340,23,127,68,47%,16,2,10,4,5,2,5,15,3,384,302,16,156,69,43%,4,1,2,1,2,1,0,4,2.0,175,129,10,54,25,57%,7,0,5,2,4,2,1,10,2.0,224,189,6,87,44,63%,9,4,4,1,1,0,1,9,1.0,251,211,13,73,43,37%,9,2,5,2,1,0,4,5,1.0,160,113,10,69,25,0.0,1.0,0.0,1.0,,,,,,,,,,,,,,
40%,18,7,7,4,8,4,2,13,2,260,179,5,74,39,60%,15,4,6,5,0,1,4,16,3,413,326,11,73,33,41%,8,5,2,1,3,1,2,8,2.0,112,78,1,28,13,59%,10,3,3,4,0,1,4,8,1.0,163,131,2,33,15,39%,10,2,5,3,5,3,0,5,0.0,148,101,4,46,26,61%,5,1,3,1,0,0,0,8,2.0,250,195,9,40,18,,,,,,,,,,,,,,,,,,
48%,8,4,2,2,2,2,5,20,4,374,280,28,88,49,52%,15,5,7,3,4,2,3,18,3,393,292,24,114,79,54%,3,1,1,1,2,2,2,9,1.0,204,154,10,46,27,46%,4,2,2,0,2,1,1,10,3.0,177,124,10,53,30,42%,5,3,1,1,0,0,3,11,3.0,170,126,18,42,22,58%,11,3,5,3,2,1,2,8,0.0,216,168,14,61,49,,,,,,,,,,,,,,,,,,
61%,12,4,7,1,2,0,0,14,3,472,377,10,146,74,39%,9,3,5,1,1,2,4,24,3,306,218,14,122,56,56%,4,0,4,0,2,0,0,4,1.0,225,179,8,62,33,44%,8,2,5,1,1,1,0,10,0.0,178,141,1,61,32,66%,8,4,3,1,0,0,0,10,2.0,247,198,2,84,41,34%,1,1,0,0,0,1,4,14,3.0,128,77,13,61,24,,,,,,,,,,,,,,,,,,
48%,20,8,5,7,9,1,1,16,3,370,288,12,129,92,52%,12,2,6,4,1,1,7,9,3,404,315,17,116,53,44%,8,3,1,4,5,0,0,7,,180,140,7,59,46,56%,8,1,4,3,0,0,2,4,,241,202,7,56,23,52%,12,5,4,3,4,1,1,9,3.0,190,148,5,70,46,48%,4,1,2,1,1,1,5,5,3.0,163,113,10,60,30,,,,,,,,,,,,,,,,,,
37%,6,3,2,1,3,2,4,18,4,242,145,20,118,46,63%,14,5,3,6,8,2,2,13,7,400,292,12,143,91,45%,3,1,1,1,2,0,1,6,1.0,145,94,10,63,21,55%,4,1,1,2,1,1,0,8,4.0,169,115,7,64,33,29%,3,2,1,0,1,2,3,12,3.0,97,51,10,55,25,71%,10,4,2,4,7,1,2,5,3.0,231,177,5,79,58,,,,,,,,,,,,,,,,,,
56%,10,4,3,3,4,0,0,14,1,498,401,11,115,36,44%,5,1,2,2,1,0,3,15,2,392,305,4,107,40,54%,5,2,3,0,3,0,0,5,,291,245,7,63,22,46%,1,0,0,1,1,0,1,6,,249,203,1,62,25,58%,5,2,0,3,1,0,0,9,1.0,207,156,4,52,14,42%,4,1,2,1,0,0,2,9,2.0,143,102,3,45,15,,,,,,,,,,,,,,,,,,
56%,20,10,6,4,3,3,3,16,4,386,308,14,93,69,44%,11,5,1,5,4,0,7,16,2,293,209,22,96,67,56%,11,7,2,2,2,1,1,8,2.0,195,158,6,47,30,44%,3,2,0,1,1,0,6,8,1.0,150,103,9,54,25,56%,9,3,4,2,1,2,2,8,2.0,191,150,8,46,39,44%,8,3,1,4,3,0,1,8,1.0,143,106,13,42,42,0.0,1.0,,,0.0,1.0,,,,,,,,,,,,
54%,23,5,13,5,8,2,2,11,2,325,266,13,122,81,46%,9,2,6,1,5,3,4,11,6,286,204,5,95,48,56%,9,2,6,1,1,1,1,7,1.0,199,165,7,66,32,44%,3,1,2,0,2,2,2,4,2.0,155,116,4,50,21,52%,14,3,7,4,7,1,1,4,1.0,126,101,6,56,49,48%,6,1,4,1,3,1,2,7,4.0,131,88,1,45,27,0.0,2.0,,,0.0,2.0,,,,,,,,,,,,
65%,11,3,8,0,2,1,1,11,2,630,535,7,164,84,35%,10,3,5,2,3,2,3,8,1,333,251,11,105,65,62%,6,0,6,0,1,1,0,8,2.0,308,277,2,83,30,38%,4,0,3,1,2,1,0,5,1.0,185,149,5,50,30,68%,5,3,2,0,1,0,1,3,,322,258,5,81,54,32%,6,3,2,1,1,1,3,3,,148,102,6,55,35,,,,,,,,,,,,,,,,,,
67%,13,6,2,5,7,0,3,10,3,480,400,12,108,64,33%,13,5,6,2,6,2,4,10,5,230,158,9,79,49,60%,4,0,0,4,4,0,3,3,1.0,239,190,6,58,31,40%,10,5,3,2,5,1,0,4,2.0,161,119,5,50,36,73%,9,6,2,1,3,0,0,7,2.0,241,210,6,50,33,27%,3,0,3,0,1,1,4,6,3.0,69,39,4,29,13,0.0,1.0,,,0.0,1.0,,,,,,,,,,,,
44%,12,3,7,2,6,3,0,7,2,304,232,15,124,68,56%,8,2,5,1,4,3,1,15,5,389,304,15,118,57,37%,4,2,2,0,3,0,0,5,1.0,135,98,10,52,26,63%,5,1,3,1,1,2,1,5,2.0,223,182,5,57,24,51%,8,1,5,2,3,3,0,2,1.0,169,134,5,72,42,49%,3,1,2,0,3,1,0,10,3.0,166,122,10,61,33,,,,,,,,,,,,,,,,,,
51%,13,6,2,5,8,0,0,13,5,309,239,15,138,75,49%,5,1,2,2,1,2,5,11,5,308,220,15,113,39,51%,9,4,1,4,1,0,0,8,1.0,163,131,6,67,32,49%,1,0,1,0,0,1,3,9,3.0,157,114,6,47,9,51%,4,2,1,1,7,0,0,5,4.0,146,108,9,71,43,49%,4,1,1,2,1,1,2,2,2.0,151,106,9,66,30,1.0,0.0,,,1.0,0.0,,,,,,,,,,,,
59%,21,5,9,7,11,1,0,10,2,435,340,11,150,102,41%,6,1,3,2,7,1,4,11,3,307,225,13,109,64,53%,13,2,5,6,7,1,0,5,1.0,219,173,6,73,48,47%,2,1,1,0,4,0,1,3,0.0,196,154,3,55,36,65%,8,3,4,1,4,0,0,5,1.0,216,167,5,77,54,35%,4,0,2,2,3,1,3,8,3.0,111,71,10,54,28,,,,,,,,,,,,,,,,,,
55%,13,4,5,4,3,1,1,17,4,418,338,15,135,73,45%,8,2,3,3,3,0,3,17,0,347,253,20,127,63,64%,5,3,1,1,2,1,1,4,,244,208,7,71,43,36%,4,2,1,1,1,0,2,11,,147,111,12,51,14,46%,8,1,4,3,1,0,0,13,4.0,174,130,8,64,30,54%,4,0,2,2,2,0,1,6,0.0,200,142,8,76,49,,,,,,,,,,,,,,,,,,
64%,22,6,10,6,2,3,1,12,2,551,478,15,164,93,36%,13,4,6,3,3,1,4,11,5,314,228,15,119,50,61%,10,2,6,2,1,0,0,3,0.0,257,222,5,77,41,39%,9,2,4,3,2,0,2,5,3.0,159,118,8,61,24,67%,12,4,4,4,1,3,1,9,2.0,294,256,10,87,52,33%,4,2,2,0,1,1,2,6,2.0,155,110,7,58,26,,,,,,,,,,,,,,,,,,
52%,19,5,10,4,8,3,1,7,0,447,349,17,175,111,48%,10,1,6,3,2,0,5,8,1,421,304,16,119,44,42%,7,2,2,3,3,3,1,3,,181,134,7,72,50,58%,8,1,4,3,2,0,2,5,,252,201,6,52,34,62%,12,3,8,1,5,0,0,4,0.0,266,215,10,103,61,38%,2,0,2,0,0,0,3,3,1.0,169,103,10,67,10,0.0,1.0,,,0.0,1.0,,,,,,,,,,,,
47%,15,5,7,3,10,1,2,13,3,307,230,12,110,74,53%,12,3,7,2,6,2,3,11,3,358,278,14,133,78,47%,8,3,5,0,4,0,2,4,2.0,172,133,7,53,27,53%,5,2,2,1,5,2,2,8,3.0,189,152,6,70,42,47%,7,2,2,3,6,1,0,9,1.0,135,97,5,57,47,53%,7,1,5,1,1,0,1,3,0.0,169,126,8,63,36,,,,,,,,,,,,,,,,,,
41%,10,4,3,3,3,1,5,15,1,278,178,20,113,57,59%,18,6,6,6,5,3,3,13,3,402,291,19,148,65,44%,3,1,1,1,2,0,2,5,0.0,148,102,12,51,27,56%,7,3,2,2,1,1,1,6,1.0,190,143,8,70,24,38%,7,3,2,2,1,1,3,10,1.0,130,76,8,62,30,62%,11,3,4,4,4,2,2,7,2.0,212,148,11,78,41,,,,,,,,,,,,,,,,,,
52%,6,4,1,1,0,0,5,15,2,362,278,15,94,28,48%,18,6,6,6,6,3,2,9,4,307,227,10,124,92,49%,4,3,0,1,0,0,2,4,0.0,154,114,5,43,13,51%,7,2,2,3,3,2,2,4,1.0,140,105,5,71,50,55%,2,1,1,0,0,0,3,11,2.0,208,164,10,51,15,45%,11,4,4,3,3,1,0,5,3.0,167,122,5,53,42,0.0,2.0,0.0,1.0,0.0,1.0,,,,,,,,,,,,
47%,8,2,5,1,3,1,3,9,3,374,275,19,133,62,53%,17,4,7,6,7,2,0,11,1,409,320,20,147,97,51%,3,1,2,0,3,1,1,5,1.0,213,162,9,67,33,49%,6,2,2,2,1,0,0,4,0.0,200,163,11,69,37,43%,5,1,3,1,0,0,2,4,2.0,161,113,10,66,29,57%,11,2,5,4,6,2,0,7,1.0,209,157,9,78,60,,,,,,,,,,,,,,,,,,
49%,22,9,10,3,6,1,6,10,2,329,250,15,118,78,51%,17,6,7,4,7,1,7,12,2,344,271,11,121,67,60%,10,4,4,2,4,1,4,2,0.0,210,163,7,68,43,40%,9,4,3,2,3,0,3,7,2.0,143,97,4,62,24,36%,12,5,6,1,2,0,2,8,2.0,119,87,8,50,35,64%,8,2,4,2,4,1,4,5,0.0,201,174,7,59,43,,,,,,,,,,,,,,,,,,
38%,14,5,5,4,8,2,3,15,2,264,191,25,118,69,62%,7,3,2,2,3,0,4,11,4,457,386,9,126,66,43%,7,3,2,2,4,1,2,5,1.0,144,114,13,58,36,57%,4,2,2,0,1,0,2,5,1.0,205,170,4,54,26,33%,7,2,3,2,4,1,1,10,1.0,120,77,12,60,33,67%,3,1,0,2,2,0,2,6,3.0,252,216,5,72,40,,,,,,,,,,,,,,,,,,
45%,18,11,5,2,4,1,6,12,2,322,252,16,107,66,55%,14,6,7,1,4,0,7,11,3,400,315,18,123,62,49%,7,6,1,0,2,0,2,4,1.0,193,159,8,57,40,51%,8,2,5,1,2,0,5,4,1.0,203,158,11,64,31,41%,11,5,4,2,2,1,4,8,1.0,129,93,8,50,26,59%,6,4,2,0,2,0,2,7,2.0,197,157,7,59,31,,,,,,,,,,,,,,,,,,
46%,10,3,5,2,6,0,3,14,3,322,229,26,102,51,54%,13,5,6,2,2,1,2,9,2,394,294,24,146,80,41%,6,3,2,1,2,0,2,5,2.0,173,129,8,47,19,59%,7,2,4,1,1,0,2,4,0.0,243,193,15,78,43,51%,4,0,3,1,4,0,1,9,1.0,149,100,18,55,32,49%,6,3,2,1,1,1,0,5,2.0,151,101,9,68,37,,,,,,,,,,,,,,,,,,
62%,20,4,8,8,12,3,0,8,1,478,396,13,135,104,38%,5,0,2,3,1,0,2,11,2,291,211,15,82,28,59%,7,0,4,3,4,3,0,5,0.0,255,214,7,71,55,41%,5,0,2,3,0,0,0,6,1.0,182,138,7,47,16,65%,13,4,4,5,8,0,0,3,1.0,223,182,6,64,49,35%,0,0,0,0,1,0,2,5,1.0,109,73,8,35,12,,,,,,,,,,,,,,,,,,
67%,19,7,10,2,7,2,3,6,0,479,379,15,136,83,33%,10,7,2,1,3,5,5,10,1,242,150,11,92,39,70%,6,3,2,1,2,1,3,4,,270,221,10,67,44,30%,5,4,1,0,3,3,3,6,,115,74,6,46,23,64%,13,4,8,1,5,1,0,2,0.0,209,158,5,69,39,36%,5,3,1,1,0,2,2,4,1.0,127,76,5,46,16,,,,,,,,,,,,,,,,,,
47%,9,1,6,2,7,0,4,7,2,399,338,21,115,82,53%,13,5,5,3,5,0,1,12,2,469,397,19,99,59,40%,4,1,2,1,3,0,1,2,0.0,186,156,12,56,37,60%,7,1,4,2,2,0,1,6,2.0,285,251,11,53,31,54%,5,0,4,1,4,0,3,5,2.0,213,182,9,59,45,46%,6,4,1,1,3,0,0,6,0.0,184,146,8,46,28,,,,,,,,,,,,,,,,,,
42%,8,3,4,1,4,0,4,16,2,254,177,11,80,58,58%,17,7,7,3,3,3,1,14,4,367,291,16,69,49,31%,3,2,1,0,1,0,2,10,1.0,85,53,6,29,25,69%,9,3,4,2,2,1,0,3,1.0,197,162,8,37,26,53%,5,1,3,1,3,0,2,6,1.0,169,124,5,51,33,47%,8,4,3,1,1,2,1,11,3.0,170,129,8,32,23,,,,,,,,,,,,,,,,,,
55%,13,4,7,2,5,2,1,10,4,456,381,12,129,66,45%,12,2,6,4,5,0,3,8,2,370,286,10,118,57,55%,3,1,1,1,3,0,1,6,1.0,250,216,5,65,31,45%,8,1,4,3,2,0,0,5,0.0,206,171,5,61,29,55%,10,3,6,1,2,2,0,4,3.0,206,165,7,64,35,45%,4,1,2,1,3,0,3,3,2.0,164,115,5,57,28,1.0,0.0,,,1.0,0.0,,,,,,,,,,,,
43%,12,5,4,3,2,1,0,13,1,304,228,16,132,60,57%,13,0,6,7,8,3,2,18,4,396,313,17,123,70,43%,9,4,3,2,0,0,0,10,1.0,153,115,8,60,32,57%,8,0,4,4,5,0,1,8,2.0,197,162,8,66,36,43%,3,1,1,1,2,1,0,3,0.0,151,113,8,72,28,57%,5,0,2,3,3,3,1,10,2.0,199,151,9,57,34,,,,,,,,,,,,,,,,,,
